experiment_id,candidate_id,level,metric,unit,n,mean,median,cv_pct,mad,max,min,sample_sd
config_search_v1,expert-seq256-bt8192-chunk,L0,avg_power_per_gpu_w,W,1,645.4710756366884,645.4710756366884,0.0,0.0,645.4710756366884,645.4710756366884,0.0
config_search_v1,expert-seq256-bt8192-chunk,L0,avg_power_w,W,1,645.4710756366884,645.4710756366884,0.0,0.0,645.4710756366884,645.4710756366884,0.0
config_search_v1,expert-seq256-bt8192-chunk,L0,capacity_tok_s,tokens/s,1,1769.8446605946729,1769.8446605946729,0.0,0.0,1769.8446605946729,1769.8446605946729,0.0
config_search_v1,expert-seq256-bt8192-chunk,L0,duration_s,s,1,18.514619237255467,18.514619237255467,0.0,0.0,18.514619237255467,18.514619237255467,0.0
config_search_v1,expert-seq256-bt8192-chunk,L0,energy_j,J,1,11950.65119407501,11950.65119407501,0.0,0.0,11950.65119407501,11950.65119407501,0.0
config_search_v1,expert-seq256-bt8192-chunk,L0,energy_j_per_1k_output_tokens,J/1k_tokens,1,364.7049314598086,364.7049314598086,0.0,0.0,364.7049314598086,364.7049314598086,0.0
config_search_v1,expert-seq256-bt8192-chunk,L0,energy_j_per_1k_output_tokens_lower,J/1k_tokens,1,185.27010518158278,185.27010518158278,0.0,0.0,185.27010518158278,185.27010518158278,0.0
config_search_v1,expert-seq256-bt8192-chunk,L0,energy_j_per_1k_output_tokens_upper,J/1k_tokens,1,544.1397577380344,544.1397577380344,0.0,0.0,544.1397577380344,544.1397577380344,0.0
config_search_v1,expert-seq256-bt8192-chunk,L0,energy_j_per_1k_tokens,J/1k_tokens,1,364.7049314598086,364.7049314598086,0.0,0.0,364.7049314598086,364.7049314598086,0.0
config_search_v1,expert-seq256-bt8192-chunk,L0,energy_j_per_1k_tokens_lower,J/1k_tokens,1,185.27010518158278,185.27010518158278,0.0,0.0,185.27010518158278,185.27010518158278,0.0
config_search_v1,expert-seq256-bt8192-chunk,L0,energy_j_per_1k_tokens_upper,J/1k_tokens,1,544.1397577380344,544.1397577380344,0.0,0.0,544.1397577380344,544.1397577380344,0.0
config_search_v1,expert-seq256-bt8192-chunk,L0,energy_j_per_1k_total_tokens,J/1k_tokens,1,21.453231262341685,21.453231262341685,0.0,0.0,21.453231262341685,21.453231262341685,0.0
config_search_v1,expert-seq256-bt8192-chunk,L0,estimated_memory_gib,GiB,1,21.893479585647583,21.893479585647583,0.0,0.0,21.893479585647583,21.893479585647583,0.0
config_search_v1,expert-seq256-bt8192-chunk,L0,gpu_energy_j,J,1,11950.65119407501,11950.65119407501,0.0,0.0,11950.65119407501,11950.65119407501,0.0
config_search_v1,expert-seq256-bt8192-chunk,L0,j_per_output_token,J/token,1,0.36470493145980865,0.36470493145980865,0.0,0.0,0.36470493145980865,0.36470493145980865,0.0
config_search_v1,expert-seq256-bt8192-chunk,L0,j_per_total_token,J/token,1,0.021453231262341686,0.021453231262341686,0.0,0.0,0.021453231262341686,0.021453231262341686,0.0
config_search_v1,expert-seq256-bt8192-chunk,L0,relative_uncertainty,,1,0.492,0.492,0.0,0.0,0.492,0.492,0.0
config_search_v1,expert-seq256-bt8192-chunk,L0,request_throughput_req_s,requests/s,1,13.826911410895882,13.826911410895882,0.0,0.0,13.826911410895882,13.826911410895882,0.0
config_search_v1,expert-seq256-bt8192-chunk,L0,throughput_tok_s,tokens/s,1,1769.8446605946729,1769.8446605946729,0.0,0.0,1769.8446605946729,1769.8446605946729,0.0
config_search_v1,expert-seq256-bt8192-chunk,L0,throughput_tok_s_lower,,1,899.0810875820938,899.0810875820938,0.0,0.0,899.0810875820938,899.0810875820938,0.0
config_search_v1,expert-seq256-bt8192-chunk,L0,throughput_tok_s_upper,,1,2640.608233607252,2640.608233607252,0.0,0.0,2640.608233607252,2640.608233607252,0.0
config_search_v1,expert-seq256-bt8192-chunk,L0,total_gpu_power_w,W,1,645.4710756366884,645.4710756366884,0.0,0.0,645.4710756366884,645.4710756366884,0.0
config_search_v1,expert-seq256-bt8192-chunk,L0,tpot_ms,ms,1,16.940630681881178,16.940630681881178,0.0,0.0,16.940630681881178,16.940630681881178,0.0
config_search_v1,expert-seq256-bt8192-chunk,L0,tpot_ms_lower,ms,1,8.605840386395638,8.605840386395638,0.0,0.0,8.605840386395638,8.605840386395638,0.0
config_search_v1,expert-seq256-bt8192-chunk,L0,tpot_ms_upper,ms,1,25.275420977366718,25.275420977366718,0.0,0.0,25.275420977366718,25.275420977366718,0.0
config_search_v1,expert-seq256-bt8192-chunk,L0,ttft_ms,ms,1,1343.7275424992033,1343.7275424992033,0.0,0.0,1343.7275424992033,1343.7275424992033,0.0
config_search_v1,expert-seq256-bt8192-chunk,L0,ttft_ms_lower,ms,1,682.6135915895953,682.6135915895953,0.0,0.0,682.6135915895953,682.6135915895953,0.0
config_search_v1,expert-seq256-bt8192-chunk,L0,ttft_ms_upper,ms,1,2004.8414934088114,2004.8414934088114,0.0,0.0,2004.8414934088114,2004.8414934088114,0.0
config_search_v1,expert-seq256-bt8192-chunk,L1,avg_power_w,W,3,621.9213757356546,622.4195551129759,1.2137576163378665,6.789009702859175,629.2085648158351,614.1360072781529,7.548618065624748
config_search_v1,expert-seq256-bt8192-chunk,L1,benchmark_duration_s,s,3,4.83,4.85,0.9024635493873007,0.010000000000000675,4.86,4.78,0.04358898943540662
config_search_v1,expert-seq256-bt8192-chunk,L1,energy_j,J,3,3035.9576666666667,3059.557,1.696090752312935,11.864000000000033,3071.421,2976.895,51.492597228468895
config_search_v1,expert-seq256-bt8192-chunk,L1,energy_j_per_1k_output_tokens,J/1k_tokens,3,370.6003011067708,373.4810791015625,1.6960907523129385,1.4482421875,374.9293212890625,363.3905029296875,6.285717435115845
config_search_v1,expert-seq256-bt8192-chunk,L1,energy_j_per_1k_tokens,J/1k_tokens,3,370.6003011067708,373.4810791015625,1.6960907523129385,1.4482421875,374.9293212890625,363.3905029296875,6.285717435115845
config_search_v1,expert-seq256-bt8192-chunk,L1,energy_j_per_1k_total_tokens,J/1k_tokens,3,21.800017712162994,21.969475241268384,1.6960907523129398,0.0851907169117645,22.05466595818015,21.375911937040442,0.3697480844185795
config_search_v1,expert-seq256-bt8192-chunk,L1,failed_requests,,3,0.0,0.0,,0.0,0.0,0.0,0.0
config_search_v1,expert-seq256-bt8192-chunk,L1,input_tokens,,3,131072.0,131072.0,0.0,0.0,131072.0,131072.0,0.0
config_search_v1,expert-seq256-bt8192-chunk,L1,j_per_output_token,J/token,3,0.37060030110677084,0.3734810791015625,1.696090752312935,0.001448242187500004,0.3749293212890625,0.3633905029296875,0.006285717435115832
config_search_v1,expert-seq256-bt8192-chunk,L1,j_per_total_token,J/token,3,0.02180001771216299,0.021969475241268382,1.6960907523129354,8.519071691176494e-05,0.022054665958180147,0.021375911937040443,0.0003697480844185784
config_search_v1,expert-seq256-bt8192-chunk,L1,mean_e2el_ms,ms,3,2397.47,2406.89,0.8766670917897803,5.2400000000002365,2412.13,2373.39,21.017830525532446
config_search_v1,expert-seq256-bt8192-chunk,L1,mean_itl_ms,ms,3,12.016666666666666,11.91,1.6100717737510626,0.009999999999999787,12.24,11.9,0.19347695814575266
config_search_v1,expert-seq256-bt8192-chunk,L1,mean_tpot_ms,ms,3,12.016666666666666,11.91,1.6100717737510626,0.009999999999999787,12.24,11.9,0.19347695814575266
config_search_v1,expert-seq256-bt8192-chunk,L1,mean_ttft_ms,ms,3,871.3366666666667,895.41,5.17269190798953,3.8500000000000227,899.26,819.34,45.07156124801237
config_search_v1,expert-seq256-bt8192-chunk,L1,measurement_window_ms,ms,3,4881.42646033278,4881.403673993191,0.6995576289053239,34.11420599150006,4915.58623900346,4847.289468001691,34.14839120266108
config_search_v1,expert-seq256-bt8192-chunk,L1,output_throughput_tok_s,tokens/s,3,1695.6499999999999,1688.08,0.9280029711990199,2.949999999999818,1713.74,1685.13,15.73568238113618
config_search_v1,expert-seq256-bt8192-chunk,L1,output_tokens,,3,8192.0,8192.0,0.0,0.0,8192.0,8192.0,0.0
config_search_v1,expert-seq256-bt8192-chunk,L1,p50_e2el_ms,ms,3,2342.78,2335.89,0.617352840095173,2.8399999999996908,2359.4,2333.05,14.463218867181697
config_search_v1,expert-seq256-bt8192-chunk,L1,p50_itl_ms,ms,3,7.473333333333334,7.47,0.07725471933849215,0.0,7.48,7.47,0.005773502691896647
config_search_v1,expert-seq256-bt8192-chunk,L1,p50_tpot_ms,ms,3,12.33,12.49,2.3181842543319475,0.009999999999999787,12.5,12.0,0.2858321185591291
config_search_v1,expert-seq256-bt8192-chunk,L1,p50_ttft_ms,ms,3,912.2366666666667,923.61,2.9139531158145253,7.6299999999999955,931.24,881.86,26.5821487719359
config_search_v1,expert-seq256-bt8192-chunk,L1,p95_e2el_ms,ms,3,2685.616666666667,2583.16,6.882736117483303,8.4699999999998,2899.0,2574.69,184.84390829381783
config_search_v1,expert-seq256-bt8192-chunk,L1,p95_itl_ms,ms,3,9.096666666666666,9.2,2.8673360438973354,0.08999999999999986,9.29,8.8,0.2608320021265276
config_search_v1,expert-seq256-bt8192-chunk,L1,p95_tpot_ms,ms,3,17.176666666666666,17.14,0.4741623024595579,0.019999999999999574,17.27,17.12,0.08144527815247006
config_search_v1,expert-seq256-bt8192-chunk,L1,p95_ttft_ms,ms,3,1491.64,1492.4,0.4740218891139045,5.899999999999864,1498.3,1484.22,7.070700106778647
config_search_v1,expert-seq256-bt8192-chunk,L1,p99_e2el_ms,ms,3,2752.4933333333333,2599.07,9.918606487603817,8.360000000000127,3067.7,2590.71,273.0089823308626
config_search_v1,expert-seq256-bt8192-chunk,L1,p99_itl_ms,ms,3,181.26333333333332,181.49,1.8678324714220318,3.039999999999992,184.53,177.77,3.385695398781955
config_search_v1,expert-seq256-bt8192-chunk,L1,p99_tpot_ms,ms,3,17.426666666666666,17.4,0.5889366609923726,0.05999999999999872,17.54,17.34,0.10263202878893746
config_search_v1,expert-seq256-bt8192-chunk,L1,p99_ttft_ms,ms,3,1549.0133333333333,1562.79,1.9337265096993832,6.809999999999945,1569.6,1514.65,29.953681465444742
config_search_v1,expert-seq256-bt8192-chunk,L1,request_throughput_req_s,requests/s,3,13.25,13.19,0.9181528347619989,0.019999999999999574,13.39,13.17,0.12165525060596487
config_search_v1,expert-seq256-bt8192-chunk,L1,successful_requests,,3,64.0,64.0,0.0,0.0,64.0,64.0,0.0
config_search_v1,expert-seq256-bt8192-chunk,L1,throughput_tok_s,tokens/s,3,1695.6499999999999,1688.08,0.9280029711990199,2.949999999999818,1713.74,1685.13,15.73568238113618
config_search_v1,expert-seq256-bt8192-chunk,L1,total_throughput_tok_s,tokens/s,3,28826.0,28697.33,0.9280110870064602,50.19000000000233,29133.53,28647.14,267.5084759404822
config_search_v1,expert-seq256-bt8192-chunk,L1,tpot_ms,ms,3,17.176666666666666,17.14,0.4741623024595579,0.019999999999999574,17.27,17.12,0.08144527815247006
config_search_v1,expert-seq256-bt8192-chunk,L1,trial_elapsed_ms,ms,3,18371.862440670764,18365.56910900981,0.6252057408168267,105.29256300651468,18489.74166699918,18260.276546003297,114.86193867404398
config_search_v1,expert-seq256-bt8192-chunk,L1,ttft_ms,ms,3,1491.64,1492.4,0.4740218891139045,5.899999999999864,1498.3,1484.22,7.070700106778647
config_search_v1,expert-seq256-bt8192-chunk,L4,avg_power_w,W,3,641.8808727908125,641.5796936324844,0.22447114862080997,0.9652636039760409,643.448494711445,640.6144300285083,1.440837367930817
config_search_v1,expert-seq256-bt8192-chunk,L4,benchmark_duration_s,s,3,18.876666666666665,18.91,0.40112366913652164,0.019999999999999574,18.93,18.79,0.07571877794400407
config_search_v1,expert-seq256-bt8192-chunk,L4,energy_j,J,3,12167.293,12161.27,0.12168476388170313,4.822000000000116,12184.161,12156.448,14.805741757844991
config_search_v1,expert-seq256-bt8192-chunk,L4,energy_j_per_1k_output_tokens,J/1k_tokens,3,371.3163146972656,371.13250732421875,0.12168476388170453,0.14715576171875,371.8310852050781,370.9853515625,0.4518353807936146
config_search_v1,expert-seq256-bt8192-chunk,L4,energy_j_per_1k_tokens,J/1k_tokens,3,371.3163146972656,371.13250732421875,0.12168476388170453,0.14715576171875,371.8310852050781,370.9853515625,0.4518353807936146
config_search_v1,expert-seq256-bt8192-chunk,L4,energy_j_per_1k_total_tokens,J/1k_tokens,3,21.842136158662683,21.831323960248163,0.1216847638817082,0.008656221277576037,21.872416776769303,21.822667738970587,0.026578551811389895
config_search_v1,expert-seq256-bt8192-chunk,L4,failed_requests,,3,0.0,0.0,,0.0,0.0,0.0,0.0
config_search_v1,expert-seq256-bt8192-chunk,L4,input_tokens,,3,524288.0,524288.0,0.0,0.0,524288.0,524288.0,0.0
config_search_v1,expert-seq256-bt8192-chunk,L4,j_per_output_token,J/token,3,0.3713163146972656,0.37113250732421876,0.12168476388170313,0.00014715576171875355,0.3718310852050781,0.3709853515625,0.00045183538079360936
config_search_v1,expert-seq256-bt8192-chunk,L4,j_per_total_token,J/token,3,0.021842136158662682,0.021831323960248162,0.12168476388169844,8.656221277571902e-06,0.0218724167767693,0.02182266773897059,2.657855181138776e-05
config_search_v1,expert-seq256-bt8192-chunk,L4,mean_e2el_ms,ms,3,2353.01,2357.65,0.38351119363752084,1.1199999999998909,2358.77,2342.61,9.02405673741023
config_search_v1,expert-seq256-bt8192-chunk,L4,mean_itl_ms,ms,3,12.563333333333333,12.49,1.5193036139262808,0.07000000000000028,12.78,12.42,0.1908751773629384
config_search_v1,expert-seq256-bt8192-chunk,L4,mean_tpot_ms,ms,3,12.56,12.48,1.5356131785020595,0.0600000000000005,12.78,12.42,0.19287301521985867
config_search_v1,expert-seq256-bt8192-chunk,L4,mean_ttft_ms,ms,3,757.8766666666667,772.64,4.425218136676189,8.860000000000014,781.5,719.49,33.537695706970275
config_search_v1,expert-seq256-bt8192-chunk,L4,measurement_window_ms,ms,3,18955.75136199962,18976.231926993933,0.25696611146854365,14.644999013398774,18990.87692600733,18900.145232997602,48.70985717457593
config_search_v1,expert-seq256-bt8192-chunk,L4,output_throughput_tok_s,tokens/s,3,1736.0533333333333,1732.6,0.4074383286326243,1.2300000000000182,1744.19,1731.37,7.073346685504295
config_search_v1,expert-seq256-bt8192-chunk,L4,output_tokens,,3,32768.0,32768.0,0.0,0.0,32768.0,32768.0,0.0
config_search_v1,expert-seq256-bt8192-chunk,L4,p50_e2el_ms,ms,3,2344.3766666666666,2348.36,0.4586867532356433,4.210000000000036,2352.57,2332.2,10.753345215947332
config_search_v1,expert-seq256-bt8192-chunk,L4,p50_itl_ms,ms,3,7.48,7.48,0.0,0.0,7.48,7.48,0.0
config_search_v1,expert-seq256-bt8192-chunk,L4,p50_tpot_ms,ms,3,12.323333333333332,12.28,1.9311137948175885,0.16999999999999993,12.58,12.11,0.23797758998135413
config_search_v1,expert-seq256-bt8192-chunk,L4,p50_ttft_ms,ms,3,784.4766666666666,814.18,8.074608928445691,13.330000000000041,827.51,711.74,63.34342296823981
config_search_v1,expert-seq256-bt8192-chunk,L4,p95_e2el_ms,ms,3,2523.9500000000003,2525.19,1.1216693842398546,26.429999999999836,2551.62,2495.04,28.310374423521814
config_search_v1,expert-seq256-bt8192-chunk,L4,p95_itl_ms,ms,3,11.293333333333335,11.55,12.0712250368992,0.9599999999999991,12.51,9.82,1.3632436808338166
config_search_v1,expert-seq256-bt8192-chunk,L4,p95_tpot_ms,ms,3,17.256666666666664,17.25,0.12062966966194279,0.010000000000001563,17.28,17.24,0.02081665999466259
config_search_v1,expert-seq256-bt8192-chunk,L4,p95_ttft_ms,ms,3,1339.2966666666666,1343.6,0.6953780657380264,2.0800000000001546,1345.68,1328.61,9.31317525516053
config_search_v1,expert-seq256-bt8192-chunk,L4,p99_e2el_ms,ms,3,2690.306666666667,2673.28,6.830913839194516,157.64000000000033,2882.0,2515.64,183.77253041010604
config_search_v1,expert-seq256-bt8192-chunk,L4,p99_itl_ms,ms,3,179.67333333333332,179.26,0.7665735956240006,0.7099999999999795,181.21,178.55,1.3773283317108294
config_search_v1,expert-seq256-bt8192-chunk,L4,p99_tpot_ms,ms,3,17.523333333333333,17.59,1.0245564397561515,0.07000000000000028,17.66,17.32,0.17953644012660294
config_search_v1,expert-seq256-bt8192-chunk,L4,p99_ttft_ms,ms,3,1479.6000000000001,1480.58,1.1058411839788111,14.870000000000118,1495.45,1462.77,16.362026158150492
config_search_v1,expert-seq256-bt8192-chunk,L4,request_throughput_req_s,requests/s,3,13.566666666666668,13.54,0.4059634310038959,0.009999999999999787,13.63,13.53,0.05507570547286189
config_search_v1,expert-seq256-bt8192-chunk,L4,successful_requests,,3,256.0,256.0,0.0,0.0,256.0,256.0,0.0
config_search_v1,expert-seq256-bt8192-chunk,L4,throughput_tok_s,tokens/s,3,1736.0533333333333,1732.6,0.4074383286326243,1.2300000000000182,1744.19,1731.37,7.073346685504295
config_search_v1,expert-seq256-bt8192-chunk,L4,total_throughput_tok_s,tokens/s,3,29512.896666666667,29454.2,0.4073185899707124,20.889999999999418,29651.18,29433.31,120.21151456218006
config_search_v1,expert-seq256-bt8192-chunk,L4,tpot_ms,ms,3,17.256666666666664,17.25,0.12062966966194279,0.010000000000001563,17.28,17.24,0.02081665999466259
config_search_v1,expert-seq256-bt8192-chunk,L4,trial_elapsed_ms,ms,3,34060.36557199938,33965.89878300438,0.5537351242545826,28.23676500702277,34277.535914996406,33937.662017997354,188.6042076216758
config_search_v1,expert-seq256-bt8192-chunk,L4,ttft_ms,ms,3,1339.2966666666666,1343.6,0.6953780657380264,2.0800000000001546,1345.68,1328.61,9.31317525516053
config_search_v1,seq16-bt2048-chunk,L0,avg_power_per_gpu_w,W,1,614.9511864909232,614.9511864909232,0.0,0.0,614.9511864909232,614.9511864909232,0.0
config_search_v1,seq16-bt2048-chunk,L0,avg_power_w,W,1,614.9511864909232,614.9511864909232,0.0,0.0,614.9511864909232,614.9511864909232,0.0
config_search_v1,seq16-bt2048-chunk,L0,capacity_tok_s,tokens/s,1,1226.9306661213977,1226.9306661213977,0.0,0.0,1226.9306661213977,1226.9306661213977,0.0
config_search_v1,seq16-bt2048-chunk,L0,duration_s,s,1,26.70729561564141,26.70729561564141,0.0,0.0,26.70729561564141,26.70729561564141,0.0
config_search_v1,seq16-bt2048-chunk,L0,energy_j,J,1,16423.683126802516,16423.683126802516,0.0,0.0,16423.683126802516,16423.683126802516,0.0
config_search_v1,seq16-bt2048-chunk,L0,energy_j_per_1k_output_tokens,J/1k_tokens,1,501.2110329224401,501.2110329224401,0.0,0.0,501.2110329224401,501.2110329224401,0.0
config_search_v1,seq16-bt2048-chunk,L0,energy_j_per_1k_output_tokens_lower,J/1k_tokens,1,233.56434134185707,233.56434134185707,0.0,0.0,233.56434134185707,233.56434134185707,0.0
config_search_v1,seq16-bt2048-chunk,L0,energy_j_per_1k_output_tokens_upper,J/1k_tokens,1,768.8577245030232,768.8577245030232,0.0,0.0,768.8577245030232,768.8577245030232,0.0
config_search_v1,seq16-bt2048-chunk,L0,energy_j_per_1k_tokens,J/1k_tokens,1,501.2110329224401,501.2110329224401,0.0,0.0,501.2110329224401,501.2110329224401,0.0
config_search_v1,seq16-bt2048-chunk,L0,energy_j_per_1k_tokens_lower,J/1k_tokens,1,233.56434134185707,233.56434134185707,0.0,0.0,233.56434134185707,233.56434134185707,0.0
config_search_v1,seq16-bt2048-chunk,L0,energy_j_per_1k_tokens_upper,J/1k_tokens,1,768.8577245030232,768.8577245030232,0.0,0.0,768.8577245030232,768.8577245030232,0.0
config_search_v1,seq16-bt2048-chunk,L0,energy_j_per_1k_total_tokens,J/1k_tokens,1,29.483001936614123,29.483001936614123,0.0,0.0,29.483001936614123,29.483001936614123,0.0
config_search_v1,seq16-bt2048-chunk,L0,estimated_memory_gib,GiB,1,20.034104585647583,20.034104585647583,0.0,0.0,20.034104585647583,20.034104585647583,0.0
config_search_v1,seq16-bt2048-chunk,L0,gpu_energy_j,J,1,16423.683126802516,16423.683126802516,0.0,0.0,16423.683126802516,16423.683126802516,0.0
config_search_v1,seq16-bt2048-chunk,L0,j_per_output_token,J/token,1,0.5012110329224401,0.5012110329224401,0.0,0.0,0.5012110329224401,0.5012110329224401,0.0
config_search_v1,seq16-bt2048-chunk,L0,j_per_total_token,J/token,1,0.02948300193661412,0.02948300193661412,0.0,0.0,0.02948300193661412,0.02948300193661412,0.0
config_search_v1,seq16-bt2048-chunk,L0,relative_uncertainty,,1,0.534,0.534,0.0,0.0,0.534,0.534,0.0
config_search_v1,seq16-bt2048-chunk,L0,request_throughput_req_s,requests/s,1,9.58539582907342,9.58539582907342,0.0,0.0,9.58539582907342,9.58539582907342,0.0
config_search_v1,seq16-bt2048-chunk,L0,throughput_tok_s,tokens/s,1,1226.9306661213977,1226.9306661213977,0.0,0.0,1226.9306661213977,1226.9306661213977,0.0
config_search_v1,seq16-bt2048-chunk,L0,throughput_tok_s_lower,,1,571.7496904125713,571.7496904125713,0.0,0.0,571.7496904125713,571.7496904125713,0.0
config_search_v1,seq16-bt2048-chunk,L0,throughput_tok_s_upper,,1,1882.1116418302242,1882.1116418302242,0.0,0.0,1882.1116418302242,1882.1116418302242,0.0
config_search_v1,seq16-bt2048-chunk,L0,total_gpu_power_w,W,1,614.9511864909232,614.9511864909232,0.0,0.0,614.9511864909232,614.9511864909232,0.0
config_search_v1,seq16-bt2048-chunk,L0,tpot_ms,ms,1,12.451191922925213,12.451191922925213,0.0,0.0,12.451191922925213,12.451191922925213,0.0
config_search_v1,seq16-bt2048-chunk,L0,tpot_ms_lower,ms,1,5.802255436083149,5.802255436083149,0.0,0.0,5.802255436083149,5.802255436083149,0.0
config_search_v1,seq16-bt2048-chunk,L0,tpot_ms_upper,ms,1,19.100128409767276,19.100128409767276,0.0,0.0,19.100128409767276,19.100128409767276,0.0
config_search_v1,seq16-bt2048-chunk,L0,ttft_ms,ms,1,886.8789991715206,886.8789991715206,0.0,0.0,886.8789991715206,886.8789991715206,0.0
config_search_v1,seq16-bt2048-chunk,L0,ttft_ms_lower,ms,1,413.28561361392855,413.28561361392855,0.0,0.0,413.28561361392855,413.28561361392855,0.0
config_search_v1,seq16-bt2048-chunk,L0,ttft_ms_upper,ms,1,1360.4723847291127,1360.4723847291127,0.0,0.0,1360.4723847291127,1360.4723847291127,0.0
config_search_v1,seq16-bt2048-chunk,L1,avg_power_w,W,3,598.2105629756066,597.5479512514723,0.7343252466274682,3.3612516923865314,602.8970381162618,594.1866995590858,4.392811191922189
config_search_v1,seq16-bt2048-chunk,L1,benchmark_duration_s,s,3,6.206666666666667,6.21,0.09302098859123739,0.0,6.21,6.2,0.005773502691896135
config_search_v1,seq16-bt2048-chunk,L1,energy_j,J,3,3769.1216666666664,3777.163,0.44341908552296894,3.130999999999858,3780.294,3749.908,16.713004826581418
config_search_v1,seq16-bt2048-chunk,L1,energy_j_per_1k_output_tokens,J/1k_tokens,3,460.0978597005208,461.0794677734375,0.4434190855229686,0.3822021484375,461.461669921875,457.75244140625,2.0401617219948003
config_search_v1,seq16-bt2048-chunk,L1,energy_j_per_1k_tokens,J/1k_tokens,3,460.0978597005208,461.0794677734375,0.4434190855229686,0.3822021484375,461.461669921875,457.75244140625,2.0401617219948003
config_search_v1,seq16-bt2048-chunk,L1,energy_j_per_1k_total_tokens,J/1k_tokens,3,27.064579982383577,27.122321633731616,0.4434190855229645,0.02248247931985503,27.14480411305147,26.92661420036765,0.12000951305851656
config_search_v1,seq16-bt2048-chunk,L1,failed_requests,,3,0.0,0.0,,0.0,0.0,0.0,0.0
config_search_v1,seq16-bt2048-chunk,L1,input_tokens,,3,131072.0,131072.0,0.0,0.0,131072.0,131072.0,0.0
config_search_v1,seq16-bt2048-chunk,L1,j_per_output_token,J/token,3,0.4600978597005208,0.4610794677734375,0.44341908552296894,0.0003822021484374827,0.461461669921875,0.45775244140625,0.002040161721994802
config_search_v1,seq16-bt2048-chunk,L1,j_per_total_token,J/token,3,0.02706457998238358,0.027122321633731617,0.4434190855229651,2.2482479319851922e-05,0.02714480411305147,0.026926614200367648,0.00012000951305851673
config_search_v1,seq16-bt2048-chunk,L1,mean_e2el_ms,ms,3,2758.0166666666664,2758.24,0.047474829611516625,0.9600000000000364,2759.2,2756.61,1.3093637131572304
config_search_v1,seq16-bt2048-chunk,L1,mean_itl_ms,ms,3,10.393333333333333,10.39,0.14697163870929256,0.009999999999999787,10.41,10.38,0.01527525231651914
config_search_v1,seq16-bt2048-chunk,L1,mean_tpot_ms,ms,3,10.393333333333333,10.39,0.14697163870929256,0.009999999999999787,10.41,10.38,0.01527525231651914
config_search_v1,seq16-bt2048-chunk,L1,mean_ttft_ms,ms,3,1438.14,1437.62,0.0839379610514852,0.33999999999991815,1439.52,1437.28,1.2071453930658291
config_search_v1,seq16-bt2048-chunk,L1,measurement_window_ms,ms,3,6300.770723328848,6310.992828992312,0.42757870436570083,10.111598006915301,6321.104426999227,6270.214913995005,26.940753823862885
config_search_v1,seq16-bt2048-chunk,L1,output_throughput_tok_s,tokens/s,3,1320.0233333333333,1319.97,0.05087714253509715,0.5899999999999181,1320.72,1319.38,0.6715901527965406
config_search_v1,seq16-bt2048-chunk,L1,output_tokens,,3,8192.0,8192.0,0.0,0.0,8192.0,8192.0,0.0
config_search_v1,seq16-bt2048-chunk,L1,p50_e2el_ms,ms,3,3008.72,3007.52,0.16615736717209412,3.0900000000001455,3014.21,3004.43,4.99920993758023
config_search_v1,seq16-bt2048-chunk,L1,p50_itl_ms,ms,3,6.933333333333334,6.93,0.08327167344081703,0.0,6.94,6.93,0.005773502691896647
config_search_v1,seq16-bt2048-chunk,L1,p50_tpot_ms,ms,3,10.793333333333335,10.8,0.1928659048300977,0.009999999999999787,10.81,10.77,0.02081665999466188
config_search_v1,seq16-bt2048-chunk,L1,p50_ttft_ms,ms,3,1641.3433333333332,1642.27,0.2545355604644466,2.7100000000000364,1644.98,1636.78,4.177802452645829
config_search_v1,seq16-bt2048-chunk,L1,p95_e2el_ms,ms,3,3575.6766666666667,3574.23,0.07300192729075043,0.11999999999989086,3578.69,3574.11,2.610312880352329
config_search_v1,seq16-bt2048-chunk,L1,p95_itl_ms,ms,3,44.02333333333333,44.05,0.2331309808183667,0.060000000000002274,44.11,43.91,0.10263202878893896
config_search_v1,seq16-bt2048-chunk,L1,p95_tpot_ms,ms,3,11.37,11.36,0.15233516337457723,0.0,11.39,11.36,0.01732050807568943
config_search_v1,seq16-bt2048-chunk,L1,p95_ttft_ms,ms,3,2204.116666666667,2200.2,0.35311240053869525,1.1299999999996544,2213.08,2199.07,7.783009272340138
config_search_v1,seq16-bt2048-chunk,L1,p99_e2el_ms,ms,3,3689.193333333333,3688.74,0.113262824586272,3.4799999999995634,3693.58,3685.26,4.178484573781774
config_search_v1,seq16-bt2048-chunk,L1,p99_itl_ms,ms,3,46.99333333333334,47.06,0.32225327540362064,0.03999999999999915,47.1,46.82,0.15143755588800814
config_search_v1,seq16-bt2048-chunk,L1,p99_tpot_ms,ms,3,11.410000000000002,11.41,0.17528483786152121,0.019999999999999574,11.43,11.39,0.019999999999999574
config_search_v1,seq16-bt2048-chunk,L1,p99_ttft_ms,ms,3,2303.693333333333,2301.43,0.19511666877957054,0.6499999999996362,2308.87,2300.78,4.494889690897048
config_search_v1,seq16-bt2048-chunk,L1,request_throughput_req_s,requests/s,3,10.313333333333334,10.31,0.05598095693499806,0.0,10.32,10.31,0.005773502691896135
config_search_v1,seq16-bt2048-chunk,L1,successful_requests,,3,64.0,64.0,0.0,0.0,64.0,64.0,0.0
config_search_v1,seq16-bt2048-chunk,L1,throughput_tok_s,tokens/s,3,1320.0233333333333,1319.97,0.05087714253509715,0.5899999999999181,1320.72,1319.38,0.6715901527965406
config_search_v1,seq16-bt2048-chunk,L1,total_throughput_tok_s,tokens/s,3,22440.423333333336,22439.45,0.05093986460671192,9.940000000002328,22452.31,22429.51,11.43112126317299
config_search_v1,seq16-bt2048-chunk,L1,tpot_ms,ms,3,11.37,11.36,0.15233516337457723,0.0,11.39,11.36,0.01732050807568943
config_search_v1,seq16-bt2048-chunk,L1,trial_elapsed_ms,ms,3,19248.772536001827,19224.257909008884,0.2596246415846817,8.468872008961625,19306.270661996678,19215.789036999922,49.97455670604539
config_search_v1,seq16-bt2048-chunk,L1,ttft_ms,ms,3,2204.116666666667,2200.2,0.35311240053869525,1.1299999999996544,2213.08,2199.07,7.783009272340138
config_search_v1,seq16-bt2048-chunk,L4,avg_power_w,W,3,608.5755867452718,608.2753872003609,0.43502215771352826,2.1843432720496594,611.3603291071433,606.0910439283113,2.6474386487770465
config_search_v1,seq16-bt2048-chunk,L4,benchmark_duration_s,s,3,24.313333333333333,24.27,0.34493407253658015,0.00999999999999801,24.41,24.26,0.08386497083606052
config_search_v1,seq16-bt2048-chunk,L4,energy_j,J,3,14854.417000000001,14862.339,0.29709370175949734,31.711999999999534,14894.051,14806.861,44.13153734009208
config_search_v1,seq16-bt2048-chunk,L4,energy_j_per_1k_output_tokens,J/1k_tokens,3,453.3208312988281,453.5625915527344,0.29709370175950184,0.9677734375,454.5303649902344,451.8695373535156,1.346787638552635
config_search_v1,seq16-bt2048-chunk,L4,energy_j_per_1k_tokens,J/1k_tokens,3,453.3208312988281,453.5625915527344,0.29709370175950184,0.9677734375,454.5303649902344,451.8695373535156,1.346787638552635
config_search_v1,seq16-bt2048-chunk,L4,energy_j_per_1k_total_tokens,J/1k_tokens,3,26.66593125287224,26.68015244427849,0.297093701759497,0.05692784926470651,26.737080293543197,26.580561020795038,0.07922280226780076
config_search_v1,seq16-bt2048-chunk,L4,failed_requests,,3,0.0,0.0,,0.0,0.0,0.0,0.0
config_search_v1,seq16-bt2048-chunk,L4,input_tokens,,3,524288.0,524288.0,0.0,0.0,524288.0,524288.0,0.0
config_search_v1,seq16-bt2048-chunk,L4,j_per_output_token,J/token,3,0.45332083129882816,0.4535625915527344,0.29709370175949734,0.0009677734374999858,0.45453036499023436,0.45186953735351565,0.0013467876385526148
config_search_v1,seq16-bt2048-chunk,L4,j_per_total_token,J/token,3,0.02666593125287224,0.02668015244427849,0.29709370175949473,5.6927849264705455e-05,0.026737080293543197,0.02658056102079504,7.922280226780016e-05
config_search_v1,seq16-bt2048-chunk,L4,mean_e2el_ms,ms,3,2952.78,2948.6,0.32037658939113484,2.4699999999998,2963.61,2946.13,9.460015856223553
config_search_v1,seq16-bt2048-chunk,L4,mean_itl_ms,ms,3,10.78,10.79,0.16067261665759192,0.0,10.79,10.76,0.017320508075688405
config_search_v1,seq16-bt2048-chunk,L4,mean_tpot_ms,ms,3,10.776666666666666,10.78,0.14174375796336972,0.009999999999999787,10.79,10.76,0.01527525231651914
config_search_v1,seq16-bt2048-chunk,L4,mean_ttft_ms,ms,3,1583.7466666666667,1579.55,0.4926973875664541,0.6099999999999,1592.75,1578.94,7.803078452337465
config_search_v1,seq16-bt2048-chunk,L4,measurement_window_ms,ms,3,24408.713431330398,24362.14829600067,0.4026668075263262,19.78411100571975,24521.627812995575,24342.36418499495,98.2857871321877
config_search_v1,seq16-bt2048-chunk,L4,output_throughput_tok_s,tokens/s,3,1347.76,1349.97,0.34212144858912585,0.8799999999998818,1350.85,1342.46,4.610976035504803
config_search_v1,seq16-bt2048-chunk,L4,output_tokens,,3,32768.0,32768.0,0.0,0.0,32768.0,32768.0,0.0
config_search_v1,seq16-bt2048-chunk,L4,p50_e2el_ms,ms,3,3010.5466666666666,3012.27,0.2220114704231784,3.9299999999998363,3016.2,3003.17,6.68375892244265
config_search_v1,seq16-bt2048-chunk,L4,p50_itl_ms,ms,3,6.936666666666667,6.94,0.0832316582205187,0.0,6.94,6.93,0.005773502691896647
config_search_v1,seq16-bt2048-chunk,L4,p50_tpot_ms,ms,3,10.81,10.81,0.18501387604070732,0.019999999999999574,10.83,10.79,0.020000000000000462
config_search_v1,seq16-bt2048-chunk,L4,p50_ttft_ms,ms,3,1637.8133333333335,1638.51,0.18594076215781052,1.9400000000000546,1640.45,1634.48,3.045362594722242
config_search_v1,seq16-bt2048-chunk,L4,p95_e2el_ms,ms,3,3223.6666666666665,3205.95,1.8462417628466752,30.929999999999836,3290.03,3175.02,59.516680294967315
config_search_v1,seq16-bt2048-chunk,L4,p95_itl_ms,ms,3,44.31,44.26,0.34151988152610024,0.07000000000000028,44.48,44.19,0.15132745950421503
config_search_v1,seq16-bt2048-chunk,L4,p95_tpot_ms,ms,3,11.376666666666667,11.38,0.2212081580800138,0.019999999999999574,11.4,11.35,0.025166114784236235
config_search_v1,seq16-bt2048-chunk,L4,p95_ttft_ms,ms,3,1815.5766666666666,1796.7,3.292812649791426,29.190000000000055,1882.52,1767.51,59.783538146661506
config_search_v1,seq16-bt2048-chunk,L4,p99_e2el_ms,ms,3,3648.86,3634.42,1.6960543512896629,38.95000000000027,3716.69,3595.47,61.886648802467995
config_search_v1,seq16-bt2048-chunk,L4,p99_itl_ms,ms,3,47.18666666666667,47.06,0.8381955493753193,0.19000000000000483,47.63,46.87,0.39551653989856733
config_search_v1,seq16-bt2048-chunk,L4,p99_tpot_ms,ms,3,11.413333333333334,11.4,0.2023423840617804,0.0,11.44,11.4,0.02309401076758454
config_search_v1,seq16-bt2048-chunk,L4,p99_ttft_ms,ms,3,2271.8766666666666,2254.26,2.6034214045767787,30.720000000000255,2337.83,2223.54,59.146523425585436
config_search_v1,seq16-bt2048-chunk,L4,request_throughput_req_s,requests/s,3,10.530000000000001,10.55,0.3289745123587638,0.0,10.55,10.49,0.03464101615137783
config_search_v1,seq16-bt2048-chunk,L4,successful_requests,,3,256.0,256.0,0.0,0.0,256.0,256.0,0.0
config_search_v1,seq16-bt2048-chunk,L4,throughput_tok_s,tokens/s,3,1347.76,1349.97,0.34212144858912585,0.8799999999998818,1350.85,1342.46,4.610976035504803
config_search_v1,seq16-bt2048-chunk,L4,total_throughput_tok_s,tokens/s,3,22911.91333333333,22949.54,0.3422303577268014,14.87999999999738,22964.42,22821.78,78.41152296272136
config_search_v1,seq16-bt2048-chunk,L4,tpot_ms,ms,3,11.376666666666667,11.38,0.2212081580800138,0.019999999999999574,11.4,11.35,0.025166114784236235
config_search_v1,seq16-bt2048-chunk,L4,trial_elapsed_ms,ms,3,40053.836660003675,40089.1375909996,0.32477967761706855,73.4920230024727,40162.62961400207,39909.74277500936,130.08672157762715
config_search_v1,seq16-bt2048-chunk,L4,ttft_ms,ms,3,1815.5766666666666,1796.7,3.292812649791426,29.190000000000055,1882.52,1767.51,59.783538146661506
config_search_v1,seq16-bt4096-chunk,L0,avg_power_per_gpu_w,W,1,614.9511864909232,614.9511864909232,0.0,0.0,614.9511864909232,614.9511864909232,0.0
config_search_v1,seq16-bt4096-chunk,L0,avg_power_w,W,1,614.9511864909232,614.9511864909232,0.0,0.0,614.9511864909232,614.9511864909232,0.0
config_search_v1,seq16-bt4096-chunk,L0,capacity_tok_s,tokens/s,1,1226.9306661213977,1226.9306661213977,0.0,0.0,1226.9306661213977,1226.9306661213977,0.0
config_search_v1,seq16-bt4096-chunk,L0,duration_s,s,1,26.70729561564141,26.70729561564141,0.0,0.0,26.70729561564141,26.70729561564141,0.0
config_search_v1,seq16-bt4096-chunk,L0,energy_j,J,1,16423.683126802516,16423.683126802516,0.0,0.0,16423.683126802516,16423.683126802516,0.0
config_search_v1,seq16-bt4096-chunk,L0,energy_j_per_1k_output_tokens,J/1k_tokens,1,501.2110329224401,501.2110329224401,0.0,0.0,501.2110329224401,501.2110329224401,0.0
config_search_v1,seq16-bt4096-chunk,L0,energy_j_per_1k_output_tokens_lower,J/1k_tokens,1,237.07281857231416,237.07281857231416,0.0,0.0,237.07281857231416,237.07281857231416,0.0
config_search_v1,seq16-bt4096-chunk,L0,energy_j_per_1k_output_tokens_upper,J/1k_tokens,1,765.3492472725661,765.3492472725661,0.0,0.0,765.3492472725661,765.3492472725661,0.0
config_search_v1,seq16-bt4096-chunk,L0,energy_j_per_1k_tokens,J/1k_tokens,1,501.2110329224401,501.2110329224401,0.0,0.0,501.2110329224401,501.2110329224401,0.0
config_search_v1,seq16-bt4096-chunk,L0,energy_j_per_1k_tokens_lower,J/1k_tokens,1,237.07281857231416,237.07281857231416,0.0,0.0,237.07281857231416,237.07281857231416,0.0
config_search_v1,seq16-bt4096-chunk,L0,energy_j_per_1k_tokens_upper,J/1k_tokens,1,765.3492472725661,765.3492472725661,0.0,0.0,765.3492472725661,765.3492472725661,0.0
config_search_v1,seq16-bt4096-chunk,L0,energy_j_per_1k_total_tokens,J/1k_tokens,1,29.483001936614123,29.483001936614123,0.0,0.0,29.483001936614123,29.483001936614123,0.0
config_search_v1,seq16-bt4096-chunk,L0,estimated_memory_gib,GiB,1,20.034104585647583,20.034104585647583,0.0,0.0,20.034104585647583,20.034104585647583,0.0
config_search_v1,seq16-bt4096-chunk,L0,gpu_energy_j,J,1,16423.683126802516,16423.683126802516,0.0,0.0,16423.683126802516,16423.683126802516,0.0
config_search_v1,seq16-bt4096-chunk,L0,j_per_output_token,J/token,1,0.5012110329224401,0.5012110329224401,0.0,0.0,0.5012110329224401,0.5012110329224401,0.0
config_search_v1,seq16-bt4096-chunk,L0,j_per_total_token,J/token,1,0.02948300193661412,0.02948300193661412,0.0,0.0,0.02948300193661412,0.02948300193661412,0.0
config_search_v1,seq16-bt4096-chunk,L0,relative_uncertainty,,1,0.527,0.527,0.0,0.0,0.527,0.527,0.0
config_search_v1,seq16-bt4096-chunk,L0,request_throughput_req_s,requests/s,1,9.58539582907342,9.58539582907342,0.0,0.0,9.58539582907342,9.58539582907342,0.0
config_search_v1,seq16-bt4096-chunk,L0,throughput_tok_s,tokens/s,1,1226.9306661213977,1226.9306661213977,0.0,0.0,1226.9306661213977,1226.9306661213977,0.0
config_search_v1,seq16-bt4096-chunk,L0,throughput_tok_s_lower,,1,580.3382050754211,580.3382050754211,0.0,0.0,580.3382050754211,580.3382050754211,0.0
config_search_v1,seq16-bt4096-chunk,L0,throughput_tok_s_upper,,1,1873.5231271673745,1873.5231271673745,0.0,0.0,1873.5231271673745,1873.5231271673745,0.0
config_search_v1,seq16-bt4096-chunk,L0,total_gpu_power_w,W,1,614.9511864909232,614.9511864909232,0.0,0.0,614.9511864909232,614.9511864909232,0.0
config_search_v1,seq16-bt4096-chunk,L0,tpot_ms,ms,1,12.451191922925213,12.451191922925213,0.0,0.0,12.451191922925213,12.451191922925213,0.0
config_search_v1,seq16-bt4096-chunk,L0,tpot_ms_lower,ms,1,5.889413779543625,5.889413779543625,0.0,0.0,5.889413779543625,5.889413779543625,0.0
config_search_v1,seq16-bt4096-chunk,L0,tpot_ms_upper,ms,1,19.012970066306803,19.012970066306803,0.0,0.0,19.012970066306803,19.012970066306803,0.0
config_search_v1,seq16-bt4096-chunk,L0,ttft_ms,ms,1,709.5031993372165,709.5031993372165,0.0,0.0,709.5031993372165,709.5031993372165,0.0
config_search_v1,seq16-bt4096-chunk,L0,ttft_ms_lower,ms,1,335.5950132865034,335.5950132865034,0.0,0.0,335.5950132865034,335.5950132865034,0.0
config_search_v1,seq16-bt4096-chunk,L0,ttft_ms_upper,ms,1,1083.4113853879298,1083.4113853879298,0.0,0.0,1083.4113853879298,1083.4113853879298,0.0
config_search_v1,seq16-bt4096-chunk,L1,avg_power_w,W,3,601.8979015982302,599.5510658693223,0.7412328800346659,0.45138874183157895,607.0429617978775,599.0996771274907,4.461465150884781
config_search_v1,seq16-bt4096-chunk,L1,benchmark_duration_s,s,3,6.246666666666667,6.25,0.09242533658318251,0.0,6.25,6.24,0.005773502691896135
config_search_v1,seq16-bt4096-chunk,L1,energy_j,J,3,3816.0443333333333,3815.93,0.13258412469716674,4.886999999999716,3821.16,3811.043,5.059468977405832
config_search_v1,seq16-bt4096-chunk,L1,energy_j_per_1k_output_tokens,J/1k_tokens,3,465.8257242838542,465.811767578125,0.13258412469717018,0.5965576171875,466.4501953125,465.2152099609375,0.6176109591560013
config_search_v1,seq16-bt4096-chunk,L1,energy_j_per_1k_tokens,J/1k_tokens,3,465.8257242838542,465.811767578125,0.13258412469717018,0.5965576171875,466.4501953125,465.2152099609375,0.6176109591560013
config_search_v1,seq16-bt4096-chunk,L1,energy_j_per_1k_total_tokens,J/1k_tokens,3,27.40151319316789,27.400692210477942,0.1325841246971705,0.03509162454044201,27.438246783088236,27.3656005859375,0.036330056420941344
config_search_v1,seq16-bt4096-chunk,L1,failed_requests,,3,0.0,0.0,,0.0,0.0,0.0,0.0
config_search_v1,seq16-bt4096-chunk,L1,input_tokens,,3,131072.0,131072.0,0.0,0.0,131072.0,131072.0,0.0
config_search_v1,seq16-bt4096-chunk,L1,j_per_output_token,J/token,3,0.46582572428385416,0.465811767578125,0.13258412469716674,0.0005965576171874654,0.4664501953125,0.4652152099609375,0.0006176109591559853
config_search_v1,seq16-bt4096-chunk,L1,j_per_total_token,J/token,3,0.02740151319316789,0.02740069221047794,0.13258412469716477,3.509162454044118e-05,0.027438246783088233,0.0273656005859375,3.633005642093977e-05
config_search_v1,seq16-bt4096-chunk,L1,mean_e2el_ms,ms,3,2776.8633333333332,2778.36,0.12683962940520502,1.0299999999997453,2779.39,2772.84,3.5221631610890225
config_search_v1,seq16-bt4096-chunk,L1,mean_itl_ms,ms,3,10.206666666666665,10.2,0.11313199265636802,0.0,10.22,10.2,0.011547005383793295
config_search_v1,seq16-bt4096-chunk,L1,mean_tpot_ms,ms,3,10.206666666666665,10.2,0.11313199265636802,0.0,10.22,10.2,0.011547005383793295
config_search_v1,seq16-bt4096-chunk,L1,mean_ttft_ms,ms,3,1480.5033333333333,1481.79,0.21869468915321771,1.1100000000001273,1482.9,1476.82,3.2377821627363597
config_search_v1,seq16-bt4096-chunk,L1,measurement_window_ms,ms,3,6340.213392667162,6361.283681995701,0.6220938131949995,3.361829003551975,6364.645510999253,6294.710985006532,39.442075259143195
config_search_v1,seq16-bt4096-chunk,L1,output_throughput_tok_s,tokens/s,3,1311.7933333333333,1310.95,0.12547053649490603,0.21000000000003638,1313.69,1310.74,1.6459141330377443
config_search_v1,seq16-bt4096-chunk,L1,output_tokens,,3,8192.0,8192.0,0.0,0.0,8192.0,8192.0,0.0
config_search_v1,seq16-bt4096-chunk,L1,p50_e2el_ms,ms,3,3038.5699999999997,3038.81,0.12787472469832073,3.519999999999982,3042.33,3034.57,3.885563022265764
config_search_v1,seq16-bt4096-chunk,L1,p50_itl_ms,ms,3,6.93,6.93,0.14430014430014765,0.009999999999999787,6.94,6.92,0.010000000000000231
config_search_v1,seq16-bt4096-chunk,L1,p50_tpot_ms,ms,3,10.303333333333335,10.3,0.05603528979517439,0.0,10.31,10.3,0.005773502691896135
config_search_v1,seq16-bt4096-chunk,L1,p50_ttft_ms,ms,3,1718.4966666666667,1716.87,0.23692091506941396,1.3799999999998818,1723.13,1715.49,4.0714780281040435
config_search_v1,seq16-bt4096-chunk,L1,p95_e2el_ms,ms,3,3563.013333333334,3564.32,0.25653339601783026,7.109999999999673,3571.43,3553.29,9.140319104568096
config_search_v1,seq16-bt4096-chunk,L1,p95_itl_ms,ms,3,36.63333333333333,36.61,1.6251402321239652,0.5600000000000023,37.24,36.05,0.5953430383680792
config_search_v1,seq16-bt4096-chunk,L1,p95_tpot_ms,ms,3,11.553333333333335,11.55,0.04997261418259782,0.0,11.56,11.55,0.005773502691896135
config_search_v1,seq16-bt4096-chunk,L1,p95_ttft_ms,ms,3,2256.4266666666667,2254.68,0.3643093386004758,5.460000000000036,2265.38,2249.22,8.220373065338096
config_search_v1,seq16-bt4096-chunk,L1,p99_e2el_ms,ms,3,3661.1966666666667,3662.82,0.2492070252454426,6.579999999999927,3669.4,3651.37,9.123959301385304
config_search_v1,seq16-bt4096-chunk,L1,p99_itl_ms,ms,3,87.51333333333332,87.6,0.5890454307068937,0.38000000000000966,87.98,86.96,0.5154932912592929
config_search_v1,seq16-bt4096-chunk,L1,p99_tpot_ms,ms,3,11.613333333333335,11.61,0.302401083606567,0.02999999999999936,11.65,11.58,0.035118845842842646
config_search_v1,seq16-bt4096-chunk,L1,p99_ttft_ms,ms,3,2316.2900000000004,2314.48,0.3271987509216949,4.699999999999818,2324.61,2309.78,7.578871947724129
config_search_v1,seq16-bt4096-chunk,L1,request_throughput_req_s,requests/s,3,10.246666666666668,10.24,0.11269035833239038,0.0,10.26,10.24,0.01154700538379227
config_search_v1,seq16-bt4096-chunk,L1,successful_requests,,3,64.0,64.0,0.0,0.0,64.0,64.0,0.0
config_search_v1,seq16-bt4096-chunk,L1,throughput_tok_s,tokens/s,3,1311.7933333333333,1310.95,0.12547053649490603,0.21000000000003638,1313.69,1310.74,1.6459141330377443
config_search_v1,seq16-bt4096-chunk,L1,total_throughput_tok_s,tokens/s,3,22300.456666666665,22286.17,0.12548520814500702,3.6699999999982538,22332.7,22282.5,27.98377446545376
config_search_v1,seq16-bt4096-chunk,L1,tpot_ms,ms,3,11.553333333333335,11.55,0.04997261418259782,0.0,11.56,11.55,0.005773502691896135
config_search_v1,seq16-bt4096-chunk,L1,trial_elapsed_ms,ms,3,19323.396404336865,19293.717402004404,0.6825204148220307,84.83882200380322,19467.593231005594,19208.8785800006,131.88612529658533
config_search_v1,seq16-bt4096-chunk,L1,ttft_ms,ms,3,2256.4266666666667,2254.68,0.3643093386004758,5.460000000000036,2265.38,2249.22,8.220373065338096
config_search_v1,seq16-bt4096-chunk,L4,avg_power_w,W,3,604.4413713858372,603.6441255393344,0.26783236859907933,0.26840680793714,606.3042698867799,603.3757187313972,1.6188896417754457
config_search_v1,seq16-bt4096-chunk,L4,benchmark_duration_s,s,3,24.563333333333333,24.63,0.5421355504257853,0.019999999999999574,24.65,24.41,0.13316656236958707
config_search_v1,seq16-bt4096-chunk,L4,energy_j,J,3,14903.811666666666,14918.752,0.21436009162501285,6.799999999999272,14925.552,14867.131,31.94782434428602
config_search_v1,seq16-bt4096-chunk,L4,energy_j_per_1k_output_tokens,J/1k_tokens,3,454.82823689778644,455.2841796875,0.21436009162501066,0.20751953125,455.49169921875,453.7088317871094,0.9749702253505155
config_search_v1,seq16-bt4096-chunk,L4,energy_j_per_1k_tokens,J/1k_tokens,3,454.82823689778644,455.2841796875,0.21436009162501066,0.20751953125,455.49169921875,453.7088317871094,0.9749702253505155
config_search_v1,seq16-bt4096-chunk,L4,energy_j_per_1k_total_tokens,J/1k_tokens,3,26.754602170458025,26.781422334558822,0.2143600916250102,0.01220703125,26.793629365808822,26.688754811006433,0.05735118972650079
config_search_v1,seq16-bt4096-chunk,L4,failed_requests,,3,0.0,0.0,,0.0,0.0,0.0,0.0
config_search_v1,seq16-bt4096-chunk,L4,input_tokens,,3,524288.0,524288.0,0.0,0.0,524288.0,524288.0,0.0
config_search_v1,seq16-bt4096-chunk,L4,j_per_output_token,J/token,3,0.45482823689778645,0.4552841796875,0.21436009162501285,0.0002075195312499778,0.45549169921875,0.45370883178710936,0.0009749702253505255
config_search_v1,seq16-bt4096-chunk,L4,j_per_total_token,J/token,3,0.026754602170458025,0.026781422334558824,0.21436009162501055,1.2207031249999306e-05,0.026793629365808824,0.026688754811006434,5.735118972650088e-05
config_search_v1,seq16-bt4096-chunk,L4,mean_e2el_ms,ms,3,2964.0099999999998,2964.46,0.030478390170263985,0.13999999999987267,2964.6,2962.97,0.9033825324856414
config_search_v1,seq16-bt4096-chunk,L4,mean_itl_ms,ms,3,10.786666666666667,10.78,0.10704887562231113,0.0,10.8,10.78,0.011547005383793295
config_search_v1,seq16-bt4096-chunk,L4,mean_tpot_ms,ms,3,10.786666666666667,10.78,0.10704887562231113,0.0,10.8,10.78,0.011547005383793295
config_search_v1,seq16-bt4096-chunk,L4,mean_ttft_ms,ms,3,1594.0600000000002,1595.06,0.12587445834400668,0.30999999999994543,1595.37,1591.75,2.006514390678473
config_search_v1,seq16-bt4096-chunk,L4,measurement_window_ms,ms,3,24657.378670667338,24714.482206996763,0.48143999874785925,22.263963997829705,24736.746170994593,24520.907634010655,118.71048356331575
config_search_v1,seq16-bt4096-chunk,L4,output_throughput_tok_s,tokens/s,3,1334.0066666666667,1330.32,0.5522997594910454,1.1099999999999,1342.49,1329.21,7.367715611594511
config_search_v1,seq16-bt4096-chunk,L4,output_tokens,,3,32768.0,32768.0,0.0,0.0,32768.0,32768.0,0.0
config_search_v1,seq16-bt4096-chunk,L4,p50_e2el_ms,ms,3,3018.0499999999997,3018.75,0.10726354322027011,2.130000000000109,3020.88,3014.52,3.237267366159362
config_search_v1,seq16-bt4096-chunk,L4,p50_itl_ms,ms,3,6.933333333333334,6.93,0.08327167344081703,0.0,6.94,6.93,0.005773502691896647
config_search_v1,seq16-bt4096-chunk,L4,p50_tpot_ms,ms,3,11.016666666666666,11.01,0.10481396717511894,0.0,11.03,11.01,0.01154700538379227
config_search_v1,seq16-bt4096-chunk,L4,p50_ttft_ms,ms,3,1597.756666666667,1597.19,0.0742458901655525,0.2300000000000182,1599.12,1596.96,1.1862686598461263
config_search_v1,seq16-bt4096-chunk,L4,p95_e2el_ms,ms,3,3296.0166666666664,3304.1,0.7904421226132614,12.970000000000255,3317.07,3266.88,26.053104101686863
config_search_v1,seq16-bt4096-chunk,L4,p95_itl_ms,ms,3,43.78,43.82,0.1991274071969275,0.020000000000003126,43.84,43.68,0.08717797887081487
config_search_v1,seq16-bt4096-chunk,L4,p95_tpot_ms,ms,3,11.5,11.5,0.08695652173912859,0.009999999999999787,11.51,11.49,0.009999999999999787
config_search_v1,seq16-bt4096-chunk,L4,p95_ttft_ms,ms,3,1843.7466666666667,1850.32,1.1979000953896377,11.480000000000018,1861.8,1819.12,22.086243078743266
config_search_v1,seq16-bt4096-chunk,L4,p99_e2el_ms,ms,3,3649.396666666667,3659.31,0.6489022287799125,7.200000000000273,3666.51,3622.37,23.68101630701984
config_search_v1,seq16-bt4096-chunk,L4,p99_itl_ms,ms,3,86.69666666666667,86.84,0.41207821521666405,0.11999999999999034,86.96,86.29,0.35725807665234055
config_search_v1,seq16-bt4096-chunk,L4,p99_tpot_ms,ms,3,11.61,11.61,0.08613264427217732,0.009999999999999787,11.62,11.6,0.009999999999999787
config_search_v1,seq16-bt4096-chunk,L4,p99_ttft_ms,ms,3,2355.4533333333334,2362.71,0.969526076930542,11.070000000000164,2373.78,2329.87,22.83673429659635
config_search_v1,seq16-bt4096-chunk,L4,request_throughput_req_s,requests/s,3,10.42,10.39,0.5837584002205558,0.009999999999999787,10.49,10.38,0.06082762530298192
config_search_v1,seq16-bt4096-chunk,L4,successful_requests,,3,256.0,256.0,0.0,0.0,256.0,256.0,0.0
config_search_v1,seq16-bt4096-chunk,L4,throughput_tok_s,tokens/s,3,1334.0066666666667,1330.32,0.5522997594910454,1.1099999999999,1342.49,1329.21,7.367715611594511
config_search_v1,seq16-bt4096-chunk,L4,total_throughput_tok_s,tokens/s,3,22678.103333333333,22615.4,0.5526477000639769,18.900000000001455,22822.41,22596.5,125.33001648979874
config_search_v1,seq16-bt4096-chunk,L4,tpot_ms,ms,3,11.5,11.5,0.08695652173912859,0.009999999999999787,11.51,11.49,0.009999999999999787
config_search_v1,seq16-bt4096-chunk,L4,trial_elapsed_ms,ms,3,40283.186543005286,40289.13645699504,0.03067405686937275,2.3059650120558217,40291.442422007094,40268.980750013725,12.35648754899695
config_search_v1,seq16-bt4096-chunk,L4,ttft_ms,ms,3,1843.7466666666667,1850.32,1.1979000953896377,11.480000000000018,1861.8,1819.12,22.086243078743266
config_search_v1,seq16-bt8192-chunk,L0,avg_power_per_gpu_w,W,1,614.9511864909232,614.9511864909232,0.0,0.0,614.9511864909232,614.9511864909232,0.0
config_search_v1,seq16-bt8192-chunk,L0,avg_power_w,W,1,614.9511864909232,614.9511864909232,0.0,0.0,614.9511864909232,614.9511864909232,0.0
config_search_v1,seq16-bt8192-chunk,L0,capacity_tok_s,tokens/s,1,1226.9306661213977,1226.9306661213977,0.0,0.0,1226.9306661213977,1226.9306661213977,0.0
config_search_v1,seq16-bt8192-chunk,L0,duration_s,s,1,26.70729561564141,26.70729561564141,0.0,0.0,26.70729561564141,26.70729561564141,0.0
config_search_v1,seq16-bt8192-chunk,L0,energy_j,J,1,16423.683126802516,16423.683126802516,0.0,0.0,16423.683126802516,16423.683126802516,0.0
config_search_v1,seq16-bt8192-chunk,L0,energy_j_per_1k_output_tokens,J/1k_tokens,1,501.2110329224401,501.2110329224401,0.0,0.0,501.2110329224401,501.2110329224401,0.0
config_search_v1,seq16-bt8192-chunk,L0,energy_j_per_1k_output_tokens_lower,J/1k_tokens,1,240.58129580277125,240.58129580277125,0.0,0.0,240.58129580277125,240.58129580277125,0.0
config_search_v1,seq16-bt8192-chunk,L0,energy_j_per_1k_output_tokens_upper,J/1k_tokens,1,761.8407700421089,761.8407700421089,0.0,0.0,761.8407700421089,761.8407700421089,0.0
config_search_v1,seq16-bt8192-chunk,L0,energy_j_per_1k_tokens,J/1k_tokens,1,501.2110329224401,501.2110329224401,0.0,0.0,501.2110329224401,501.2110329224401,0.0
config_search_v1,seq16-bt8192-chunk,L0,energy_j_per_1k_tokens_lower,J/1k_tokens,1,240.58129580277125,240.58129580277125,0.0,0.0,240.58129580277125,240.58129580277125,0.0
config_search_v1,seq16-bt8192-chunk,L0,energy_j_per_1k_tokens_upper,J/1k_tokens,1,761.8407700421089,761.8407700421089,0.0,0.0,761.8407700421089,761.8407700421089,0.0
config_search_v1,seq16-bt8192-chunk,L0,energy_j_per_1k_total_tokens,J/1k_tokens,1,29.483001936614123,29.483001936614123,0.0,0.0,29.483001936614123,29.483001936614123,0.0
config_search_v1,seq16-bt8192-chunk,L0,estimated_memory_gib,GiB,1,20.034104585647583,20.034104585647583,0.0,0.0,20.034104585647583,20.034104585647583,0.0
config_search_v1,seq16-bt8192-chunk,L0,gpu_energy_j,J,1,16423.683126802516,16423.683126802516,0.0,0.0,16423.683126802516,16423.683126802516,0.0
config_search_v1,seq16-bt8192-chunk,L0,j_per_output_token,J/token,1,0.5012110329224401,0.5012110329224401,0.0,0.0,0.5012110329224401,0.5012110329224401,0.0
config_search_v1,seq16-bt8192-chunk,L0,j_per_total_token,J/token,1,0.02948300193661412,0.02948300193661412,0.0,0.0,0.02948300193661412,0.02948300193661412,0.0
config_search_v1,seq16-bt8192-chunk,L0,relative_uncertainty,,1,0.52,0.52,0.0,0.0,0.52,0.52,0.0
config_search_v1,seq16-bt8192-chunk,L0,request_throughput_req_s,requests/s,1,9.58539582907342,9.58539582907342,0.0,0.0,9.58539582907342,9.58539582907342,0.0
config_search_v1,seq16-bt8192-chunk,L0,throughput_tok_s,tokens/s,1,1226.9306661213977,1226.9306661213977,0.0,0.0,1226.9306661213977,1226.9306661213977,0.0
config_search_v1,seq16-bt8192-chunk,L0,throughput_tok_s_lower,,1,588.9267197382709,588.9267197382709,0.0,0.0,588.9267197382709,588.9267197382709,0.0
config_search_v1,seq16-bt8192-chunk,L0,throughput_tok_s_upper,,1,1864.9346125045245,1864.9346125045245,0.0,0.0,1864.9346125045245,1864.9346125045245,0.0
config_search_v1,seq16-bt8192-chunk,L0,total_gpu_power_w,W,1,614.9511864909232,614.9511864909232,0.0,0.0,614.9511864909232,614.9511864909232,0.0
config_search_v1,seq16-bt8192-chunk,L0,tpot_ms,ms,1,12.451191922925213,12.451191922925213,0.0,0.0,12.451191922925213,12.451191922925213,0.0
config_search_v1,seq16-bt8192-chunk,L0,tpot_ms_lower,ms,1,5.976572123004102,5.976572123004102,0.0,0.0,5.976572123004102,5.976572123004102,0.0
config_search_v1,seq16-bt8192-chunk,L0,tpot_ms_upper,ms,1,18.925811722846323,18.925811722846323,0.0,0.0,18.925811722846323,18.925811722846323,0.0
config_search_v1,seq16-bt8192-chunk,L0,ttft_ms,ms,1,620.8152994200644,620.8152994200644,0.0,0.0,620.8152994200644,620.8152994200644,0.0
config_search_v1,seq16-bt8192-chunk,L0,ttft_ms_lower,ms,1,297.9913437216309,297.9913437216309,0.0,0.0,297.9913437216309,297.9913437216309,0.0
config_search_v1,seq16-bt8192-chunk,L0,ttft_ms_upper,ms,1,943.639255118498,943.639255118498,0.0,0.0,943.639255118498,943.639255118498,0.0
config_search_v1,seq16-bt8192-chunk,L1,avg_power_w,W,3,581.6689181414331,582.0525137778128,1.6213917990012234,8.849886072271829,590.9023998500846,572.0518407964018,9.431132136084335
config_search_v1,seq16-bt8192-chunk,L1,benchmark_duration_s,s,3,6.3933333333333335,6.33,1.9928586917222535,0.020000000000000462,6.54,6.31,0.1274100990241094
config_search_v1,seq16-bt8192-chunk,L1,energy_j,J,3,3756.085333333333,3763.723,0.7307708693640674,15.182999999999993,3778.906,3725.627,27.448377444456227
config_search_v1,seq16-bt8192-chunk,L1,energy_j_per_1k_output_tokens,J/1k_tokens,3,458.5065104166667,459.4388427734375,0.7307708693640673,1.8533935546875,461.292236328125,454.7884521484375,3.350632012262723
config_search_v1,seq16-bt8192-chunk,L1,energy_j_per_1k_tokens,J/1k_tokens,3,458.5065104166667,459.4388427734375,0.7307708693640673,1.8533935546875,461.292236328125,454.7884521484375,3.350632012262723
config_search_v1,seq16-bt8192-chunk,L1,energy_j_per_1k_total_tokens,J/1k_tokens,3,26.97097120098039,27.025814280790442,0.7307708693640711,0.1090231502757355,27.134837431066178,26.752261891084558,0.19709600072133765
config_search_v1,seq16-bt8192-chunk,L1,failed_requests,,3,0.0,0.0,,0.0,0.0,0.0,0.0
config_search_v1,seq16-bt8192-chunk,L1,input_tokens,,3,131072.0,131072.0,0.0,0.0,131072.0,131072.0,0.0
config_search_v1,seq16-bt8192-chunk,L1,j_per_output_token,J/token,3,0.4585065104166666,0.4594388427734375,0.7307708693640674,0.0018533935546874991,0.461292236328125,0.4547884521484375,0.003350632012262723
config_search_v1,seq16-bt8192-chunk,L1,j_per_total_token,J/token,3,0.026970971200980392,0.02702581428079044,0.7307708693640677,0.00010902315027573606,0.027134837431066178,0.02675226189108456,0.00019709600072133674
config_search_v1,seq16-bt8192-chunk,L1,mean_e2el_ms,ms,3,2803.9500000000003,2802.61,0.18132316386597616,2.9400000000000546,2809.57,2799.67,5.084210853220039
config_search_v1,seq16-bt8192-chunk,L1,mean_itl_ms,ms,3,9.81,9.76,0.9724150880906686,0.009999999999999787,9.92,9.75,0.09539392014169458
config_search_v1,seq16-bt8192-chunk,L1,mean_tpot_ms,ms,3,9.796666666666667,9.74,1.0914606963147606,0.009999999999999787,9.92,9.73,0.10692676621563604
config_search_v1,seq16-bt8192-chunk,L1,mean_ttft_ms,ms,3,1559.6233333333332,1563.88,0.998797058785475,8.75,1572.63,1542.36,15.577471981465315
config_search_v1,seq16-bt8192-chunk,L1,measurement_window_ms,ms,3,6458.724416001739,6400.843415001873,1.9880677650658505,31.39390700380318,6605.880325005273,6369.44950799807,128.40381814896818
config_search_v1,seq16-bt8192-chunk,L1,output_throughput_tok_s,tokens/s,3,1281.8866666666665,1293.9,1.9948760300809787,5.339999999999918,1299.24,1252.52,25.572049846137386
config_search_v1,seq16-bt8192-chunk,L1,output_tokens,,3,8192.0,8192.0,0.0,0.0,8192.0,8192.0,0.0
config_search_v1,seq16-bt8192-chunk,L1,p50_e2el_ms,ms,3,3039.2000000000003,3034.94,0.38206325832637444,4.619999999999891,3052.34,3030.32,11.611666547055174
config_search_v1,seq16-bt8192-chunk,L1,p50_itl_ms,ms,3,6.919999999999999,6.92,0.0,0.0,6.92,6.92,0.0
config_search_v1,seq16-bt8192-chunk,L1,p50_tpot_ms,ms,3,9.696666666666667,9.7,0.2595336691395956,0.02000000000000135,9.72,9.67,0.02516611478423612
config_search_v1,seq16-bt8192-chunk,L1,p50_ttft_ms,ms,3,1780.36,1787.92,0.8630130340111133,2.5599999999999454,1790.48,1762.68,15.364738852320256
config_search_v1,seq16-bt8192-chunk,L1,p95_e2el_ms,ms,3,3512.5399999999995,3538.0,1.521164813245689,10.480000000000018,3548.48,3451.14,53.431522531180114
config_search_v1,seq16-bt8192-chunk,L1,p95_itl_ms,ms,3,8.346666666666666,8.15,5.263844912695504,0.11000000000000121,8.85,8.04,0.4393555887129847
config_search_v1,seq16-bt8192-chunk,L1,p95_tpot_ms,ms,3,11.466666666666667,11.49,1.104268599605964,0.08999999999999986,11.58,11.33,0.12662279942148388
config_search_v1,seq16-bt8192-chunk,L1,p95_ttft_ms,ms,3,2325.7033333333334,2344.48,1.6896927028334947,7.610000000000127,2352.09,2280.54,39.29723951288868
config_search_v1,seq16-bt8192-chunk,L1,p99_e2el_ms,ms,3,3566.4933333333333,3567.26,0.1776223749060276,5.149999999999636,3572.41,3559.81,6.334890159531814
config_search_v1,seq16-bt8192-chunk,L1,p99_itl_ms,ms,3,129.69,128.5,2.817000777881878,1.7199999999999989,133.79,126.78,3.6533683088350077
config_search_v1,seq16-bt8192-chunk,L1,p99_tpot_ms,ms,3,11.549999999999999,11.59,1.081384934787602,0.0600000000000005,11.65,11.41,0.124899959967968
config_search_v1,seq16-bt8192-chunk,L1,p99_ttft_ms,ms,3,2362.3233333333333,2364.12,0.4332165000348146,7.420000000000073,2371.54,2351.31,10.233974464172432
config_search_v1,seq16-bt8192-chunk,L1,request_throughput_req_s,requests/s,3,10.016666666666666,10.11,1.9698700282128156,0.040000000000000924,10.15,9.79,0.19731531449265036
config_search_v1,seq16-bt8192-chunk,L1,successful_requests,,3,64.0,64.0,0.0,0.0,64.0,64.0,0.0
config_search_v1,seq16-bt8192-chunk,L1,throughput_tok_s,tokens/s,3,1281.8866666666665,1293.9,1.9948760300809787,5.339999999999918,1299.24,1252.52,25.572049846137386
config_search_v1,seq16-bt8192-chunk,L1,total_throughput_tok_s,tokens/s,3,21792.103333333333,21996.37,1.9950217967917752,90.7400000000016,22087.11,21292.83,434.75721147938697
config_search_v1,seq16-bt8192-chunk,L1,tpot_ms,ms,3,11.466666666666667,11.49,1.104268599605964,0.08999999999999986,11.58,11.33,0.12662279942148388
config_search_v1,seq16-bt8192-chunk,L1,trial_elapsed_ms,ms,3,19968.832177003304,20023.401675003697,0.7447145447825027,59.147627995116636,20082.549302998814,19800.545553007396,148.71079764535207
config_search_v1,seq16-bt8192-chunk,L1,ttft_ms,ms,3,2325.7033333333334,2344.48,1.6896927028334947,7.610000000000127,2352.09,2280.54,39.29723951288868
config_search_v1,seq16-bt8192-chunk,L4,avg_power_w,W,3,605.2028340525998,605.6312113557816,0.16079371045362711,0.257071721895727,605.8882830776773,604.0890077243405,0.9731280926436827
config_search_v1,seq16-bt8192-chunk,L4,benchmark_duration_s,s,3,24.53333333333333,24.53,0.062263256724945315,0.010000000000001563,24.55,24.52,0.015275252316519916
config_search_v1,seq16-bt8192-chunk,L4,energy_j,J,3,14901.950666666666,14895.525,0.15576103229493307,12.895999999998821,14927.698,14882.629,23.21143219048166
config_search_v1,seq16-bt8192-chunk,L4,energy_j_per_1k_output_tokens,J/1k_tokens,3,454.7714436848958,454.5753479003906,0.15576103229493382,0.3935546875,455.55718994140625,454.1817932128906,0.7083566952661673
config_search_v1,seq16-bt8192-chunk,L4,energy_j_per_1k_tokens,J/1k_tokens,3,454.7714436848958,454.5753479003906,0.15576103229493382,0.3935546875,455.55718994140625,454.1817932128906,0.7083566952661673
config_search_v1,seq16-bt8192-chunk,L4,energy_j_per_1k_total_tokens,J/1k_tokens,3,26.751261393229168,26.739726347081803,0.15576103229493238,0.02315027573529349,26.797481761259192,26.71657607134651,0.04166804089800946
config_search_v1,seq16-bt8192-chunk,L4,failed_requests,,3,0.0,0.0,,0.0,0.0,0.0,0.0
config_search_v1,seq16-bt8192-chunk,L4,input_tokens,,3,524288.0,524288.0,0.0,0.0,524288.0,524288.0,0.0
config_search_v1,seq16-bt8192-chunk,L4,j_per_output_token,J/token,3,0.4547714436848958,0.4545753479003906,0.15576103229493307,0.00039355468749996403,0.45555718994140626,0.45418179321289065,0.0007083566952661639
config_search_v1,seq16-bt8192-chunk,L4,j_per_total_token,J/token,3,0.026751261393229166,0.0267397263470818,0.15576103229493782,2.3150275735291798e-05,0.026797481761259193,0.026716576071346507,4.166804089801092e-05
config_search_v1,seq16-bt8192-chunk,L4,mean_e2el_ms,ms,3,2977.84,2977.41,0.04946049390228949,0.7799999999997453,2979.48,2976.63,1.4728543716199374
config_search_v1,seq16-bt8192-chunk,L4,mean_itl_ms,ms,3,10.233333333333334,10.23,0.056418593080418245,0.0,10.24,10.23,0.005773502691896135
config_search_v1,seq16-bt8192-chunk,L4,mean_tpot_ms,ms,3,10.23,10.23,0.0,0.0,10.23,10.23,0.0
config_search_v1,seq16-bt8192-chunk,L4,mean_ttft_ms,ms,3,1678.6000000000001,1678.43,0.08475148301982728,1.1600000000000819,1680.1,1677.27,1.422638393970821
config_search_v1,seq16-bt8192-chunk,L4,measurement_window_ms,ms,3,24623.085043994553,24636.48371299496,0.13739708843451806,11.681243006023578,24648.164956000983,24584.606462987722,33.831401933203786
config_search_v1,seq16-bt8192-chunk,L4,output_throughput_tok_s,tokens/s,3,1335.7733333333333,1335.97,0.05648230253223195,0.44000000000005457,1336.41,1334.94,0.7544755352782125
config_search_v1,seq16-bt8192-chunk,L4,output_tokens,,3,32768.0,32768.0,0.0,0.0,32768.0,32768.0,0.0
config_search_v1,seq16-bt8192-chunk,L4,p50_e2el_ms,ms,3,3045.8799999999997,3045.95,0.005464206395881091,0.0500000000001819,3046.0,3045.69,0.16643316977086298
config_search_v1,seq16-bt8192-chunk,L4,p50_itl_ms,ms,3,6.926666666666667,6.93,0.08335181942102216,0.0,6.93,6.92,0.005773502691896135
config_search_v1,seq16-bt8192-chunk,L4,p50_tpot_ms,ms,3,10.033333333333333,10.03,0.05754321619830035,0.0,10.04,10.03,0.005773502691896135
config_search_v1,seq16-bt8192-chunk,L4,p50_ttft_ms,ms,3,1770.5033333333333,1770.12,0.05550784235671234,0.34999999999990905,1771.62,1769.77,0.9827681991870039
config_search_v1,seq16-bt8192-chunk,L4,p95_e2el_ms,ms,3,3236.48,3233.07,0.282266096379557,3.5300000000002,3246.83,3229.54,9.135485756105087
config_search_v1,seq16-bt8192-chunk,L4,p95_itl_ms,ms,3,12.083333333333334,12.11,0.5320634902616826,0.02000000000000135,12.13,12.01,0.06429100507328665
config_search_v1,seq16-bt8192-chunk,L4,p95_tpot_ms,ms,3,11.58,11.58,0.08635578583764929,0.009999999999999787,11.59,11.57,0.009999999999999787
config_search_v1,seq16-bt8192-chunk,L4,p95_ttft_ms,ms,3,1960.5533333333333,1957.98,0.31264075947901904,1.849999999999909,1967.55,1956.13,6.129488831324557
config_search_v1,seq16-bt8192-chunk,L4,p99_e2el_ms,ms,3,3502.3633333333332,3500.11,0.2556904067080552,5.360000000000127,3512.23,3494.75,8.9552070513938
config_search_v1,seq16-bt8192-chunk,L4,p99_itl_ms,ms,3,125.74666666666667,125.85,0.14927269881561772,0.010000000000005116,125.86,125.53,0.1877054430040121
config_search_v1,seq16-bt8192-chunk,L4,p99_tpot_ms,ms,3,11.613333333333332,11.61,0.04971443190496099,0.0,11.62,11.61,0.005773502691896135
config_search_v1,seq16-bt8192-chunk,L4,p99_ttft_ms,ms,3,2310.8166666666666,2311.92,0.3566091869191874,6.529999999999745,2318.45,2302.08,8.24058452619307
config_search_v1,seq16-bt8192-chunk,L4,request_throughput_req_s,requests/s,3,10.436666666666666,10.44,0.05531941257006837,0.0,10.44,10.43,0.005773502691896135
config_search_v1,seq16-bt8192-chunk,L4,successful_requests,,3,256.0,256.0,0.0,0.0,256.0,256.0,0.0
config_search_v1,seq16-bt8192-chunk,L4,throughput_tok_s,tokens/s,3,1335.7733333333333,1335.97,0.05648230253223195,0.44000000000005457,1336.41,1334.94,0.7544755352782125
config_search_v1,seq16-bt8192-chunk,L4,total_throughput_tok_s,tokens/s,3,22708.16333333333,22711.44,0.05638246709574407,7.569999999999709,22719.01,22694.04,12.803422719464486
config_search_v1,seq16-bt8192-chunk,L4,tpot_ms,ms,3,11.58,11.58,0.08635578583764929,0.009999999999999787,11.59,11.57,0.009999999999999787
config_search_v1,seq16-bt8192-chunk,L4,trial_elapsed_ms,ms,3,39704.4947079994,39692.72474599711,0.22193099652434126,69.87009799922816,39797.90473000321,39622.85464799788,88.11658077041741
config_search_v1,seq16-bt8192-chunk,L4,ttft_ms,ms,3,1960.5533333333333,1957.98,0.31264075947901904,1.849999999999909,1967.55,1956.13,6.129488831324557
config_search_v1,seq32-bt2048-chunk,L0,avg_power_per_gpu_w,W,1,689.7849919306933,689.7849919306933,0.0,0.0,689.7849919306933,689.7849919306933,0.0
config_search_v1,seq32-bt2048-chunk,L0,avg_power_w,W,1,689.7849919306933,689.7849919306933,0.0,0.0,689.7849919306933,689.7849919306933,0.0
config_search_v1,seq32-bt2048-chunk,L0,capacity_tok_s,tokens/s,1,1392.977675332623,1392.977675332623,0.0,0.0,1392.977675332623,1392.977675332623,0.0
config_search_v1,seq32-bt2048-chunk,L0,duration_s,s,1,23.523707938948466,23.523707938948466,0.0,0.0,23.523707938948466,23.523707938948466,0.0
config_search_v1,seq32-bt2048-chunk,L0,energy_j,J,1,16226.300690847553,16226.300690847553,0.0,0.0,16226.300690847553,16226.300690847553,0.0
config_search_v1,seq32-bt2048-chunk,L0,energy_j_per_1k_output_tokens,J/1k_tokens,1,495.1873990126817,495.1873990126817,0.0,0.0,495.1873990126817,495.1873990126817,0.0
config_search_v1,seq32-bt2048-chunk,L0,energy_j_per_1k_output_tokens_lower,J/1k_tokens,1,234.22363973299844,234.22363973299844,0.0,0.0,234.22363973299844,234.22363973299844,0.0
config_search_v1,seq32-bt2048-chunk,L0,energy_j_per_1k_output_tokens_upper,J/1k_tokens,1,756.151158292365,756.151158292365,0.0,0.0,756.151158292365,756.151158292365,0.0
config_search_v1,seq32-bt2048-chunk,L0,energy_j_per_1k_tokens,J/1k_tokens,1,495.1873990126817,495.1873990126817,0.0,0.0,495.1873990126817,495.1873990126817,0.0
config_search_v1,seq32-bt2048-chunk,L0,energy_j_per_1k_tokens_lower,J/1k_tokens,1,234.22363973299844,234.22363973299844,0.0,0.0,234.22363973299844,234.22363973299844,0.0
config_search_v1,seq32-bt2048-chunk,L0,energy_j_per_1k_tokens_upper,J/1k_tokens,1,756.151158292365,756.151158292365,0.0,0.0,756.151158292365,756.151158292365,0.0
config_search_v1,seq32-bt2048-chunk,L0,energy_j_per_1k_total_tokens,J/1k_tokens,1,29.128670530157745,29.128670530157745,0.0,0.0,29.128670530157745,29.128670530157745,0.0
config_search_v1,seq32-bt2048-chunk,L0,estimated_memory_gib,GiB,1,21.893479585647583,21.893479585647583,0.0,0.0,21.893479585647583,21.893479585647583,0.0
config_search_v1,seq32-bt2048-chunk,L0,gpu_energy_j,J,1,16226.300690847553,16226.300690847553,0.0,0.0,16226.300690847553,16226.300690847553,0.0
config_search_v1,seq32-bt2048-chunk,L0,j_per_output_token,J/token,1,0.49518739901268166,0.49518739901268166,0.0,0.0,0.49518739901268166,0.49518739901268166,0.0
config_search_v1,seq32-bt2048-chunk,L0,j_per_total_token,J/token,1,0.029128670530157746,0.029128670530157746,0.0,0.0,0.029128670530157746,0.029128670530157746,0.0
config_search_v1,seq32-bt2048-chunk,L0,relative_uncertainty,,1,0.527,0.527,0.0,0.0,0.527,0.527,0.0
config_search_v1,seq32-bt2048-chunk,L0,request_throughput_req_s,requests/s,1,10.882638088536117,10.882638088536117,0.0,0.0,10.882638088536117,10.882638088536117,0.0
config_search_v1,seq32-bt2048-chunk,L0,throughput_tok_s,tokens/s,1,1392.977675332623,1392.977675332623,0.0,0.0,1392.977675332623,1392.977675332623,0.0
config_search_v1,seq32-bt2048-chunk,L0,throughput_tok_s_lower,,1,658.8784404323306,658.8784404323306,0.0,0.0,658.8784404323306,658.8784404323306,0.0
config_search_v1,seq32-bt2048-chunk,L0,throughput_tok_s_upper,,1,2127.0769102329155,2127.0769102329155,0.0,0.0,2127.0769102329155,2127.0769102329155,0.0
config_search_v1,seq32-bt2048-chunk,L0,total_gpu_power_w,W,1,689.7849919306933,689.7849919306933,0.0,0.0,689.7849919306933,689.7849919306933,0.0
config_search_v1,seq32-bt2048-chunk,L0,tpot_ms,ms,1,21.93394692610868,21.93394692610868,0.0,0.0,21.93394692610868,21.93394692610868,0.0
config_search_v1,seq32-bt2048-chunk,L0,tpot_ms_lower,ms,1,10.374756896049405,10.374756896049405,0.0,0.0,10.374756896049405,10.374756896049405,0.0
config_search_v1,seq32-bt2048-chunk,L0,tpot_ms_upper,ms,1,33.49313695616795,33.49313695616795,0.0,0.0,33.49313695616795,33.49313695616795,0.0
config_search_v1,seq32-bt2048-chunk,L0,ttft_ms,ms,1,2187.249206772628,2187.249206772628,0.0,0.0,2187.249206772628,2187.249206772628,0.0
config_search_v1,seq32-bt2048-chunk,L0,ttft_ms_lower,ms,1,1034.568874803453,1034.568874803453,0.0,0.0,1034.568874803453,1034.568874803453,0.0
config_search_v1,seq32-bt2048-chunk,L0,ttft_ms_upper,ms,1,3339.9295387418033,3339.9295387418033,0.0,0.0,3339.9295387418033,3339.9295387418033,0.0
config_search_v1,seq32-bt2048-chunk,L1,avg_power_w,W,3,632.4206037802506,631.0306762549803,0.4092116807531264,0.20607014373115362,635.4065289745223,630.8246061112492,2.5879389821582337
config_search_v1,seq32-bt2048-chunk,L1,benchmark_duration_s,s,3,4.773333333333333,4.78,0.24190653736996048,0.0,4.78,4.76,0.011547005383792781
config_search_v1,seq32-bt2048-chunk,L1,energy_j,J,3,3080.2563333333333,3082.912,0.1606212194117051,0.39700000000038926,3083.309,3074.548,4.947545283606276
config_search_v1,seq32-bt2048-chunk,L1,energy_j_per_1k_output_tokens,J/1k_tokens,3,376.0078531901042,376.33203125,0.16062121941170057,0.0484619140625,376.3804931640625,375.31103515625,0.6039483988777022
config_search_v1,seq32-bt2048-chunk,L1,energy_j_per_1k_tokens,J/1k_tokens,3,376.0078531901042,376.33203125,0.16062121941170057,0.0484619140625,376.3804931640625,375.31103515625,0.6039483988777022
config_search_v1,seq32-bt2048-chunk,L1,energy_j_per_1k_total_tokens,J/1k_tokens,3,22.118109011182597,22.13717830882353,0.1606212194117015,0.0028507008272065093,22.140029009650736,22.07711971507353,0.03552637640457092
config_search_v1,seq32-bt2048-chunk,L1,failed_requests,,3,0.0,0.0,,0.0,0.0,0.0,0.0
config_search_v1,seq32-bt2048-chunk,L1,input_tokens,,3,131072.0,131072.0,0.0,0.0,131072.0,131072.0,0.0
config_search_v1,seq32-bt2048-chunk,L1,j_per_output_token,J/token,3,0.37600785319010416,0.37633203125,0.1606212194117051,4.846191406254752e-05,0.3763804931640625,0.37531103515625,0.0006039483988777193
config_search_v1,seq32-bt2048-chunk,L1,j_per_total_token,J/token,3,0.022118109011182597,0.02213717830882353,0.16062121941170873,2.850700827207453e-06,0.022140029009650737,0.022077119715073527,3.552637640457252e-05
config_search_v1,seq32-bt2048-chunk,L1,mean_e2el_ms,ms,3,2330.7233333333334,2332.73,0.22144883376654534,1.849999999999909,2334.58,2324.86,5.161359639991418
config_search_v1,seq32-bt2048-chunk,L1,mean_itl_ms,ms,3,13.666666666666666,13.68,0.5191169915559228,0.05000000000000071,13.73,13.59,0.07094598884597611
config_search_v1,seq32-bt2048-chunk,L1,mean_tpot_ms,ms,3,13.666666666666666,13.68,0.5191169915559228,0.05000000000000071,13.73,13.59,0.07094598884597611
config_search_v1,seq32-bt2048-chunk,L1,mean_ttft_ms,ms,3,595.2233333333334,595.47,2.3254546200985904,13.470000000000027,608.94,581.26,13.841648504904834
config_search_v1,seq32-bt2048-chunk,L1,measurement_window_ms,ms,3,4870.624036668839,4873.85553799686,0.3438091748761987,11.662894001347013,4885.518431998207,4852.498140011448,16.745652311792938
config_search_v1,seq32-bt2048-chunk,L1,output_throughput_tok_s,tokens/s,3,1715.55,1714.26,0.23339514963112512,1.9100000000000819,1720.04,1712.35,4.004010489496767
config_search_v1,seq32-bt2048-chunk,L1,output_tokens,,3,8192.0,8192.0,0.0,0.0,8192.0,8192.0,0.0
config_search_v1,seq32-bt2048-chunk,L1,p50_e2el_ms,ms,3,2238.9566666666665,2237.43,0.13467506993205444,0.419999999999618,2242.43,2237.01,3.0153164565817283
config_search_v1,seq32-bt2048-chunk,L1,p50_itl_ms,ms,3,7.496666666666667,7.5,0.07701426445392798,0.0,7.5,7.49,0.005773502691896135
config_search_v1,seq32-bt2048-chunk,L1,p50_tpot_ms,ms,3,15.023333333333333,15.08,1.1458399231129672,0.08000000000000007,15.16,14.83,0.17214335111567144
config_search_v1,seq32-bt2048-chunk,L1,p50_ttft_ms,ms,3,354.6566666666667,342.45,6.976338021020376,4.060000000000002,383.13,338.39,24.742047880750164
config_search_v1,seq32-bt2048-chunk,L1,p95_e2el_ms,ms,3,3385.556666666667,3387.26,0.6643936054259679,19.889999999999873,3407.15,3362.26,22.49342200140589
config_search_v1,seq32-bt2048-chunk,L1,p95_itl_ms,ms,3,47.5,47.39,0.8554210380593764,0.23000000000000398,47.95,47.16,0.4063249930782038
config_search_v1,seq32-bt2048-chunk,L1,p95_tpot_ms,ms,3,16.580000000000002,16.57,0.104466273074122,0.0,16.6,16.57,0.01732050807568943
config_search_v1,seq32-bt2048-chunk,L1,p95_ttft_ms,ms,3,1466.4166666666667,1472.79,0.932443107572432,2.9500000000000455,1475.74,1450.72,13.67350113662674
config_search_v1,seq32-bt2048-chunk,L1,p99_e2el_ms,ms,3,3502.52,3504.06,0.6332621370415082,19.829999999999927,3523.89,3479.61,22.180133002306235
config_search_v1,seq32-bt2048-chunk,L1,p99_itl_ms,ms,3,50.98666666666667,51.15,0.6065240503971706,0.030000000000001137,51.18,50.63,0.30924639582917074
config_search_v1,seq32-bt2048-chunk,L1,p99_tpot_ms,ms,3,16.776666666666667,16.77,0.1821011601412971,0.019999999999999574,16.81,16.75,0.03055050463303828
config_search_v1,seq32-bt2048-chunk,L1,p99_ttft_ms,ms,3,1567.9333333333334,1574.21,0.8602886243703148,2.9300000000000637,1577.14,1552.45,13.488752104376957
config_search_v1,seq32-bt2048-chunk,L1,request_throughput_req_s,requests/s,3,13.403333333333334,13.39,0.23983215023607932,0.009999999999999787,13.44,13.38,0.0321455025366425
config_search_v1,seq32-bt2048-chunk,L1,successful_requests,,3,64.0,64.0,0.0,0.0,64.0,64.0,0.0
config_search_v1,seq32-bt2048-chunk,L1,throughput_tok_s,tokens/s,3,1715.55,1714.26,0.23339514963112512,1.9100000000000819,1720.04,1712.35,4.004010489496767
config_search_v1,seq32-bt2048-chunk,L1,total_throughput_tok_s,tokens/s,3,29164.343333333334,29142.41,0.23351320959430363,32.5,29240.71,29109.91,68.10259417476898
config_search_v1,seq32-bt2048-chunk,L1,tpot_ms,ms,3,16.580000000000002,16.57,0.104466273074122,0.0,16.6,16.57,0.01732050807568943
config_search_v1,seq32-bt2048-chunk,L1,trial_elapsed_ms,ms,3,17831.02283833432,17810.443884998676,0.4266665833556352,43.09369999100454,17915.274444996612,17767.350185007672,76.07901592168405
config_search_v1,seq32-bt2048-chunk,L1,ttft_ms,ms,3,1466.4166666666667,1472.79,0.932443107572432,2.9500000000000455,1475.74,1450.72,13.67350113662674
config_search_v1,seq32-bt2048-chunk,L4,avg_power_w,W,3,652.3010408317376,652.3452520142225,0.2639999080045527,1.6553316801426945,654.0005836943652,650.5572867866249,1.722074147708527
config_search_v1,seq32-bt2048-chunk,L4,benchmark_duration_s,s,3,18.356666666666666,18.35,0.16642729961706826,0.020000000000003126,18.39,18.33,0.03055050463303983
config_search_v1,seq32-bt2048-chunk,L4,energy_j,J,3,12037.631333333333,12034.712,0.08851645230382135,5.971999999999753,12049.442,12028.74,10.655284197679853
config_search_v1,seq32-bt2048-chunk,L4,energy_j_per_1k_output_tokens,J/1k_tokens,3,367.35935465494794,367.270263671875,0.0885164523038242,0.1822509765625,367.71978759765625,367.0880126953125,0.32517346794678337
config_search_v1,seq32-bt2048-chunk,L4,energy_j_per_1k_tokens,J/1k_tokens,3,367.35935465494794,367.270263671875,0.0885164523038242,0.1822509765625,367.71978759765625,367.0880126953125,0.32517346794678337
config_search_v1,seq32-bt2048-chunk,L4,energy_j_per_1k_total_tokens,J/1k_tokens,3,21.60937380323223,21.604133157169116,0.08851645230382071,0.010720645680144969,21.6305757410386,21.59341251148897,0.019127851055692386
config_search_v1,seq32-bt2048-chunk,L4,failed_requests,,3,0.0,0.0,,0.0,0.0,0.0,0.0
config_search_v1,seq32-bt2048-chunk,L4,input_tokens,,3,524288.0,524288.0,0.0,0.0,524288.0,524288.0,0.0
config_search_v1,seq32-bt2048-chunk,L4,j_per_output_token,J/token,3,0.3673593546549479,0.367270263671875,0.08851645230382135,0.00018225097656249245,0.3677197875976562,0.3670880126953125,0.00032517346794677285
config_search_v1,seq32-bt2048-chunk,L4,j_per_total_token,J/token,3,0.02160937380323223,0.021604133157169116,0.08851645230382475,1.0720645680147023e-05,0.0216305757410386,0.02159341251148897,1.9127851055693256e-05
config_search_v1,seq32-bt2048-chunk,L4,mean_e2el_ms,ms,3,2279.96,2279.1,0.15094803773551568,2.069999999999709,2283.75,2277.03,3.4415548811546635
config_search_v1,seq32-bt2048-chunk,L4,mean_itl_ms,ms,3,15.033333333333331,15.03,0.03840467422547318,0.0,15.04,15.03,0.005773502691896135
config_search_v1,seq32-bt2048-chunk,L4,mean_tpot_ms,ms,3,15.03,15.03,0.0,0.0,15.03,15.03,0.0
config_search_v1,seq32-bt2048-chunk,L4,mean_ttft_ms,ms,3,370.93,370.73,0.907034029034365,3.0600000000000023,374.39,367.67,3.36446132389717
config_search_v1,seq32-bt2048-chunk,L4,measurement_window_ms,ms,3,18454.197286666993,18470.958381003584,0.2991558241332476,28.12270598951727,18499.0810869931,18392.55239200429,55.206805980104065
config_search_v1,seq32-bt2048-chunk,L4,output_throughput_tok_s,tokens/s,3,1785.0200000000002,1785.63,0.16651479111599732,2.009999999999991,1787.64,1781.79,2.9723223243787755
config_search_v1,seq32-bt2048-chunk,L4,output_tokens,,3,32768.0,32768.0,0.0,0.0,32768.0,32768.0,0.0
config_search_v1,seq32-bt2048-chunk,L4,p50_e2el_ms,ms,3,2264.5,2258.03,0.6383372873460821,3.6200000000003456,2281.06,2254.41,14.455147871952029
config_search_v1,seq32-bt2048-chunk,L4,p50_itl_ms,ms,3,7.503333333333333,7.5,0.07694583774184098,0.0,7.51,7.5,0.005773502691896135
config_search_v1,seq32-bt2048-chunk,L4,p50_tpot_ms,ms,3,15.323333333333332,15.35,0.3594237903384438,0.009999999999999787,15.36,15.26,0.055075705472860864
config_search_v1,seq32-bt2048-chunk,L4,p50_ttft_ms,ms,3,308.3966666666667,306.13,3.282190289620451,6.529999999999973,319.46,299.6,10.122165446846486
config_search_v1,seq32-bt2048-chunk,L4,p95_e2el_ms,ms,3,2977.0699999999997,3004.35,1.9583441485701532,12.38000000000011,3016.73,2910.13,58.301276143837455
config_search_v1,seq32-bt2048-chunk,L4,p95_itl_ms,ms,3,48.01,47.99,0.2319418605636392,0.0800000000000054,48.13,47.91,0.11135528725660317
config_search_v1,seq32-bt2048-chunk,L4,p95_tpot_ms,ms,3,16.763333333333335,16.76,0.034441256861573524,0.0,16.77,16.76,0.005773502691895109
config_search_v1,seq32-bt2048-chunk,L4,p95_ttft_ms,ms,3,1049.1266666666668,1053.56,2.692915639747594,21.340000000000146,1074.9,1018.92,28.25209608742928
config_search_v1,seq32-bt2048-chunk,L4,p99_e2el_ms,ms,3,3471.1766666666663,3497.49,1.6427126088898192,12.800000000000182,3510.29,3405.75,57.02145678017466
config_search_v1,seq32-bt2048-chunk,L4,p99_itl_ms,ms,3,52.60999999999999,52.58,0.31749274070499905,0.11999999999999744,52.79,52.46,0.16703293088489998
config_search_v1,seq32-bt2048-chunk,L4,p99_tpot_ms,ms,3,17.016666666666666,17.02,0.03392851728831602,0.0,17.02,17.01,0.005773502691895109
config_search_v1,seq32-bt2048-chunk,L4,p99_ttft_ms,ms,3,1531.6499999999999,1532.56,1.718852096381061,24.950000000000045,1557.51,1504.88,26.326798134220518
config_search_v1,seq32-bt2048-chunk,L4,request_throughput_req_s,requests/s,3,13.946666666666667,13.95,0.18044537369194158,0.02000000000000135,13.97,13.92,0.02516611478423612
config_search_v1,seq32-bt2048-chunk,L4,successful_requests,,3,256.0,256.0,0.0,0.0,256.0,256.0,0.0
config_search_v1,seq32-bt2048-chunk,L4,throughput_tok_s,tokens/s,3,1785.0200000000002,1785.63,0.16651479111599732,2.009999999999991,1787.64,1781.79,2.9723223243787755
config_search_v1,seq32-bt2048-chunk,L4,total_throughput_tok_s,tokens/s,3,30345.333333333332,30355.74,0.16648481957054306,34.099999999998545,30389.84,30290.42,50.52037344807986
config_search_v1,seq32-bt2048-chunk,L4,tpot_ms,ms,3,16.763333333333335,16.76,0.034441256861573524,0.0,16.77,16.76,0.005773502691895109
config_search_v1,seq32-bt2048-chunk,L4,trial_elapsed_ms,ms,3,34163.90788833572,34218.58151401102,0.4890246530190224,78.20959198579658,34296.79110599682,33976.35104499932,167.0699320086722
config_search_v1,seq32-bt2048-chunk,L4,ttft_ms,ms,3,1049.1266666666668,1053.56,2.692915639747594,21.340000000000146,1074.9,1018.92,28.25209608742928
config_search_v1,seq32-bt4096-chunk,L0,avg_power_per_gpu_w,W,1,689.7849919306933,689.7849919306933,0.0,0.0,689.7849919306933,689.7849919306933,0.0
config_search_v1,seq32-bt4096-chunk,L0,avg_power_w,W,1,689.7849919306933,689.7849919306933,0.0,0.0,689.7849919306933,689.7849919306933,0.0
config_search_v1,seq32-bt4096-chunk,L0,capacity_tok_s,tokens/s,1,1392.977675332623,1392.977675332623,0.0,0.0,1392.977675332623,1392.977675332623,0.0
config_search_v1,seq32-bt4096-chunk,L0,duration_s,s,1,23.523707938948466,23.523707938948466,0.0,0.0,23.523707938948466,23.523707938948466,0.0
config_search_v1,seq32-bt4096-chunk,L0,energy_j,J,1,16226.300690847553,16226.300690847553,0.0,0.0,16226.300690847553,16226.300690847553,0.0
config_search_v1,seq32-bt4096-chunk,L0,energy_j_per_1k_output_tokens,J/1k_tokens,1,495.1873990126817,495.1873990126817,0.0,0.0,495.1873990126817,495.1873990126817,0.0
config_search_v1,seq32-bt4096-chunk,L0,energy_j_per_1k_output_tokens_lower,J/1k_tokens,1,237.68995152608719,237.68995152608719,0.0,0.0,237.68995152608719,237.68995152608719,0.0
config_search_v1,seq32-bt4096-chunk,L0,energy_j_per_1k_output_tokens_upper,J/1k_tokens,1,752.6848464992762,752.6848464992762,0.0,0.0,752.6848464992762,752.6848464992762,0.0
config_search_v1,seq32-bt4096-chunk,L0,energy_j_per_1k_tokens,J/1k_tokens,1,495.1873990126817,495.1873990126817,0.0,0.0,495.1873990126817,495.1873990126817,0.0
config_search_v1,seq32-bt4096-chunk,L0,energy_j_per_1k_tokens_lower,J/1k_tokens,1,237.68995152608719,237.68995152608719,0.0,0.0,237.68995152608719,237.68995152608719,0.0
config_search_v1,seq32-bt4096-chunk,L0,energy_j_per_1k_tokens_upper,J/1k_tokens,1,752.6848464992762,752.6848464992762,0.0,0.0,752.6848464992762,752.6848464992762,0.0
config_search_v1,seq32-bt4096-chunk,L0,energy_j_per_1k_total_tokens,J/1k_tokens,1,29.128670530157745,29.128670530157745,0.0,0.0,29.128670530157745,29.128670530157745,0.0
config_search_v1,seq32-bt4096-chunk,L0,estimated_memory_gib,GiB,1,21.893479585647583,21.893479585647583,0.0,0.0,21.893479585647583,21.893479585647583,0.0
config_search_v1,seq32-bt4096-chunk,L0,gpu_energy_j,J,1,16226.300690847553,16226.300690847553,0.0,0.0,16226.300690847553,16226.300690847553,0.0
config_search_v1,seq32-bt4096-chunk,L0,j_per_output_token,J/token,1,0.49518739901268166,0.49518739901268166,0.0,0.0,0.49518739901268166,0.49518739901268166,0.0
config_search_v1,seq32-bt4096-chunk,L0,j_per_total_token,J/token,1,0.029128670530157746,0.029128670530157746,0.0,0.0,0.029128670530157746,0.029128670530157746,0.0
config_search_v1,seq32-bt4096-chunk,L0,relative_uncertainty,,1,0.52,0.52,0.0,0.0,0.52,0.52,0.0
config_search_v1,seq32-bt4096-chunk,L0,request_throughput_req_s,requests/s,1,10.882638088536117,10.882638088536117,0.0,0.0,10.882638088536117,10.882638088536117,0.0
config_search_v1,seq32-bt4096-chunk,L0,throughput_tok_s,tokens/s,1,1392.977675332623,1392.977675332623,0.0,0.0,1392.977675332623,1392.977675332623,0.0
config_search_v1,seq32-bt4096-chunk,L0,throughput_tok_s_lower,,1,668.629284159659,668.629284159659,0.0,0.0,668.629284159659,668.629284159659,0.0
config_search_v1,seq32-bt4096-chunk,L0,throughput_tok_s_upper,,1,2117.326066505587,2117.326066505587,0.0,0.0,2117.326066505587,2117.326066505587,0.0
config_search_v1,seq32-bt4096-chunk,L0,total_gpu_power_w,W,1,689.7849919306933,689.7849919306933,0.0,0.0,689.7849919306933,689.7849919306933,0.0
config_search_v1,seq32-bt4096-chunk,L0,tpot_ms,ms,1,21.93394692610868,21.93394692610868,0.0,0.0,21.93394692610868,21.93394692610868,0.0
config_search_v1,seq32-bt4096-chunk,L0,tpot_ms_lower,ms,1,10.528294524532166,10.528294524532166,0.0,0.0,10.528294524532166,10.528294524532166,0.0
config_search_v1,seq32-bt4096-chunk,L0,tpot_ms_upper,ms,1,33.33959932768519,33.33959932768519,0.0,0.0,33.33959932768519,33.33959932768519,0.0
config_search_v1,seq32-bt4096-chunk,L0,ttft_ms,ms,1,1562.3208619804484,1562.3208619804484,0.0,0.0,1562.3208619804484,1562.3208619804484,0.0
config_search_v1,seq32-bt4096-chunk,L0,ttft_ms_lower,ms,1,749.9140137506153,749.9140137506153,0.0,0.0,749.9140137506153,749.9140137506153,0.0
config_search_v1,seq32-bt4096-chunk,L0,ttft_ms_upper,ms,1,2374.7277102102817,2374.7277102102817,0.0,0.0,2374.7277102102817,2374.7277102102817,0.0
config_search_v1,seq32-bt4096-chunk,L1,avg_power_w,W,3,616.0873623806992,618.4558866934256,2.2605492676830274,10.222290247820979,628.6781769412465,601.1280235074257,13.926958358584576
config_search_v1,seq32-bt4096-chunk,L1,benchmark_duration_s,s,3,4.94,4.89,2.1134223702248036,0.019999999999999574,5.06,4.87,0.10440306508910532
config_search_v1,seq32-bt4096-chunk,L1,energy_j,J,3,3080.961,3072.935,0.831898816233651,12.630999999999858,3109.644,3060.304,25.630478087620457
config_search_v1,seq32-bt4096-chunk,L1,energy_j_per_1k_output_tokens,J/1k_tokens,3,376.0938720703125,375.1141357421875,0.8318988162336558,1.5418701171875,379.59521484375,373.572265625,3.1287204696802497
config_search_v1,seq32-bt4096-chunk,L1,energy_j_per_1k_tokens,J/1k_tokens,3,376.0938720703125,375.1141357421875,0.8318988162336558,1.5418701171875,379.59521484375,373.572265625,3.1287204696802497
config_search_v1,seq32-bt4096-chunk,L1,energy_j_per_1k_total_tokens,J/1k_tokens,3,22.1231689453125,22.065537396599264,0.8318988162336574,0.0906982421875,22.32913028492647,21.974839154411764,0.18404238056942682
config_search_v1,seq32-bt4096-chunk,L1,failed_requests,,3,0.0,0.0,,0.0,0.0,0.0,0.0
config_search_v1,seq32-bt4096-chunk,L1,input_tokens,,3,131072.0,131072.0,0.0,0.0,131072.0,131072.0,0.0
config_search_v1,seq32-bt4096-chunk,L1,j_per_output_token,J/token,3,0.3760938720703125,0.3751141357421875,0.831898816233651,0.0015418701171874827,0.37959521484375,0.373572265625,0.0031287204696802315
config_search_v1,seq32-bt4096-chunk,L1,j_per_total_token,J/token,3,0.022123168945312497,0.022065537396599263,0.8318988162336574,9.069824218749939e-05,0.02232913028492647,0.021974839154411764,0.00018404238056942679
config_search_v1,seq32-bt4096-chunk,L1,mean_e2el_ms,ms,3,2398.9066666666663,2401.72,0.6157932904308718,10.350000000000364,2412.07,2382.93,14.772306297032213
config_search_v1,seq32-bt4096-chunk,L1,mean_itl_ms,ms,3,13.313333333333333,13.05,3.890178842150581,0.07000000000000028,13.91,12.98,0.517912476518314
config_search_v1,seq32-bt4096-chunk,L1,mean_tpot_ms,ms,3,13.313333333333333,13.05,3.890178842150581,0.07000000000000028,13.91,12.98,0.517912476518314
config_search_v1,seq32-bt4096-chunk,L1,mean_ttft_ms,ms,3,708.5566666666667,744.53,11.2808443011764,19.649999999999977,764.18,616.96,79.93117435227214
config_search_v1,seq32-bt4096-chunk,L1,measurement_window_ms,ms,3,5003.0808703353005,4948.297955997987,3.0027565936468434,60.36783099989407,5173.014530009823,4887.930124998093,150.2303407194771
config_search_v1,seq32-bt4096-chunk,L1,output_throughput_tok_s,tokens/s,3,1658.8833333333332,1675.17,2.1213263153121993,7.809999999999945,1682.98,1618.5,35.19032869032819
config_search_v1,seq32-bt4096-chunk,L1,output_tokens,,3,8192.0,8192.0,0.0,0.0,8192.0,8192.0,0.0
config_search_v1,seq32-bt4096-chunk,L1,p50_e2el_ms,ms,3,2324.943333333333,2317.93,0.7100369471693643,4.829999999999927,2343.8,2313.1,16.507956667417655
config_search_v1,seq32-bt4096-chunk,L1,p50_itl_ms,ms,3,7.483333333333333,7.49,0.15430296726671866,0.0,7.49,7.47,0.011547005383792781
config_search_v1,seq32-bt4096-chunk,L1,p50_tpot_ms,ms,3,13.793333333333331,13.08,9.273140551520683,0.05000000000000071,15.27,13.03,1.2790751867397527
config_search_v1,seq32-bt4096-chunk,L1,p50_ttft_ms,ms,3,588.93,654.13,30.985932783328284,75.73000000000002,729.86,382.8,182.48545394085525
config_search_v1,seq32-bt4096-chunk,L1,p95_e2el_ms,ms,3,3201.903333333333,3136.9,5.483147839245742,68.78999999999996,3400.7,3068.11,175.56509343640403
config_search_v1,seq32-bt4096-chunk,L1,p95_itl_ms,ms,3,86.93666666666667,86.45,0.9695924922551091,0.0,87.91,86.45,0.84293139301685
config_search_v1,seq32-bt4096-chunk,L1,p95_tpot_ms,ms,3,17.209999999999997,17.21,0.05810575246949325,0.00999999999999801,17.22,17.2,0.009999999999999787
config_search_v1,seq32-bt4096-chunk,L1,p95_ttft_ms,ms,3,1489.2733333333333,1511.63,2.6584821198590096,1.0,1512.63,1443.56,39.592065282494936
config_search_v1,seq32-bt4096-chunk,L1,p99_e2el_ms,ms,3,3326.34,3267.17,5.23791492171494,77.76999999999998,3522.45,3189.4,174.23085920697272
config_search_v1,seq32-bt4096-chunk,L1,p99_itl_ms,ms,3,101.83333333333333,101.86,0.34444622973305256,0.3100000000000023,102.17,101.47,0.35076107727815853
config_search_v1,seq32-bt4096-chunk,L1,p99_tpot_ms,ms,3,17.426666666666666,17.43,0.5453931686833722,0.08999999999999986,17.52,17.33,0.09504384952922233
config_search_v1,seq32-bt4096-chunk,L1,p99_ttft_ms,ms,3,1595.7333333333333,1616.39,2.391266016075429,2.7199999999998,1619.11,1551.7,38.15822890718765
config_search_v1,seq32-bt4096-chunk,L1,request_throughput_req_s,requests/s,3,12.96,13.09,2.150827139624435,0.0600000000000005,13.15,12.64,0.2787471972953268
config_search_v1,seq32-bt4096-chunk,L1,successful_requests,,3,64.0,64.0,0.0,0.0,64.0,64.0,0.0
config_search_v1,seq32-bt4096-chunk,L1,throughput_tok_s,tokens/s,3,1658.8833333333332,1675.17,2.1213263153121993,7.809999999999945,1682.98,1618.5,35.19032869032819
config_search_v1,seq32-bt4096-chunk,L1,total_throughput_tok_s,tokens/s,3,28201.023333333334,28477.91,2.121082336219451,132.6700000000019,28610.58,27514.58,598.1669245564592
config_search_v1,seq32-bt4096-chunk,L1,tpot_ms,ms,3,17.209999999999997,17.21,0.05810575246949325,0.00999999999999801,17.22,17.2,0.009999999999999787
config_search_v1,seq32-bt4096-chunk,L1,trial_elapsed_ms,ms,3,18618.79637966922,18615.14799699944,0.0581668400831257,4.886244991212152,18630.979389999993,18610.261752008228,10.829965515564993
config_search_v1,seq32-bt4096-chunk,L1,ttft_ms,ms,3,1489.2733333333333,1511.63,2.6584821198590096,1.0,1512.63,1443.56,39.592065282494936
config_search_v1,seq32-bt4096-chunk,L4,avg_power_w,W,3,649.4742304262757,648.805131870541,0.3178046459817967,0.9774051813943743,651.7898327191393,647.8277266891466,2.064059278749224
config_search_v1,seq32-bt4096-chunk,L4,benchmark_duration_s,s,3,18.646666666666665,18.65,0.08191947970961701,0.010000000000001563,18.66,18.63,0.015275252316519916
config_search_v1,seq32-bt4096-chunk,L4,energy_j,J,3,12152.530666666667,12146.591,0.217662287057162,17.037000000000262,12181.447,12129.554,26.451476184389644
config_search_v1,seq32-bt4096-chunk,L4,energy_j_per_1k_output_tokens,J/1k_tokens,3,370.8658040364583,370.6845397949219,0.21766228705716212,0.519927978515625,371.7482604980469,370.16461181640625,0.8072349909786883
config_search_v1,seq32-bt4096-chunk,L4,energy_j_per_1k_tokens,J/1k_tokens,3,370.8658040364583,370.6845397949219,0.21766228705716212,0.519927978515625,371.7482604980469,370.16461181640625,0.8072349909786883
config_search_v1,seq32-bt4096-chunk,L4,energy_j_per_1k_total_tokens,J/1k_tokens,3,21.81563553155637,21.804972929113053,0.21766228705716045,0.030583998736215534,21.867544735179226,21.774388930376837,0.04748441123404012
config_search_v1,seq32-bt4096-chunk,L4,failed_requests,,3,0.0,0.0,,0.0,0.0,0.0,0.0
config_search_v1,seq32-bt4096-chunk,L4,input_tokens,,3,524288.0,524288.0,0.0,0.0,524288.0,524288.0,0.0
config_search_v1,seq32-bt4096-chunk,L4,j_per_output_token,J/token,3,0.37086580403645836,0.3706845397949219,0.217662287057162,0.000519927978515633,0.3717482604980469,0.37016461181640625,0.0008072349909786879
config_search_v1,seq32-bt4096-chunk,L4,j_per_total_token,J/token,3,0.02181563553155637,0.021804972929113053,0.2176622870571675,3.058399873621595e-05,0.02186754473517923,0.021774388930376837,4.748441123404166e-05
config_search_v1,seq32-bt4096-chunk,L4,mean_e2el_ms,ms,3,2322.72,2323.49,0.07721859954128196,0.5100000000002183,2324.0,2320.67,1.7935718552652644
config_search_v1,seq32-bt4096-chunk,L4,mean_itl_ms,ms,3,14.433333333333332,14.5,0.9855237086998558,0.02999999999999936,14.53,14.27,0.14224392195567917
config_search_v1,seq32-bt4096-chunk,L4,mean_tpot_ms,ms,3,14.433333333333332,14.5,0.9855237086998558,0.02999999999999936,14.53,14.27,0.14224392195567917
config_search_v1,seq32-bt4096-chunk,L4,mean_ttft_ms,ms,3,489.7366666666667,482.41,3.9202319609962086,7.130000000000052,511.52,475.28,19.198813331384134
config_search_v1,seq32-bt4096-chunk,L4,measurement_window_ms,ms,3,18711.376157666866,18721.477995990426,0.10265380254517002,1.9472300191409886,18723.425226009567,18689.225251000607,19.207939134375366
config_search_v1,seq32-bt4096-chunk,L4,output_throughput_tok_s,tokens/s,3,1757.14,1756.64,0.08939866130579843,0.7599999999999909,1758.9,1755.88,1.5708596372687067
config_search_v1,seq32-bt4096-chunk,L4,output_tokens,,3,32768.0,32768.0,0.0,0.0,32768.0,32768.0,0.0
config_search_v1,seq32-bt4096-chunk,L4,p50_e2el_ms,ms,3,2307.5933333333332,2307.5,0.08674113579803207,1.8600000000001273,2309.64,2305.64,2.0016326669330016
config_search_v1,seq32-bt4096-chunk,L4,p50_itl_ms,ms,3,7.493333333333333,7.49,0.07704852346836479,0.0,7.5,7.49,0.005773502691896135
config_search_v1,seq32-bt4096-chunk,L4,p50_tpot_ms,ms,3,14.476666666666667,14.59,3.316639664753555,0.3000000000000007,14.89,13.95,0.480138868800823
config_search_v1,seq32-bt4096-chunk,L4,p50_ttft_ms,ms,3,463.68333333333334,448.54,14.828502283968342,44.78000000000003,538.75,403.76,68.75729367371387
config_search_v1,seq32-bt4096-chunk,L4,p95_e2el_ms,ms,3,2715.41,2713.0,1.389211288202332,34.05000000000018,2754.28,2678.95,37.722782240974944
config_search_v1,seq32-bt4096-chunk,L4,p95_itl_ms,ms,3,87.67333333333333,87.6,0.19634630573607662,0.04999999999999716,87.87,87.55,0.17214335111567625
config_search_v1,seq32-bt4096-chunk,L4,p95_tpot_ms,ms,3,17.346666666666668,17.33,0.3838390537171144,0.03999999999999915,17.42,17.29,0.06658328118479545
config_search_v1,seq32-bt4096-chunk,L4,p95_ttft_ms,ms,3,1013.73,1022.04,2.3119823620450135,9.840000000000146,1031.88,987.27,23.437258798758915
config_search_v1,seq32-bt4096-chunk,L4,p99_e2el_ms,ms,3,3070.476666666667,3014.99,3.81622356580746,23.639999999999873,3205.09,2991.35,117.1762541359527
config_search_v1,seq32-bt4096-chunk,L4,p99_itl_ms,ms,3,97.25999999999999,97.02,1.353599156144964,0.9399999999999977,98.68,96.08,1.316510539266592
config_search_v1,seq32-bt4096-chunk,L4,p99_tpot_ms,ms,3,17.55,17.55,0.05698005698005576,0.00999999999999801,17.56,17.54,0.009999999999999787
config_search_v1,seq32-bt4096-chunk,L4,p99_ttft_ms,ms,3,1491.53,1495.49,0.8167897335150973,5.75,1501.24,1477.86,12.182663912297732
config_search_v1,seq32-bt4096-chunk,L4,request_throughput_req_s,requests/s,3,13.726666666666667,13.72,0.08412097171291114,0.0,13.74,13.72,0.01154700538379227
config_search_v1,seq32-bt4096-chunk,L4,successful_requests,,3,256.0,256.0,0.0,0.0,256.0,256.0,0.0
config_search_v1,seq32-bt4096-chunk,L4,throughput_tok_s,tokens/s,3,1757.14,1756.64,0.08939866130579843,0.7599999999999909,1758.9,1755.88,1.5708596372687067
config_search_v1,seq32-bt4096-chunk,L4,total_throughput_tok_s,tokens/s,3,29871.350000000002,29862.82,0.089213672370828,12.81000000000131,29901.22,29850.01,26.649328321743333
config_search_v1,seq32-bt4096-chunk,L4,tpot_ms,ms,3,17.346666666666668,17.33,0.3838390537171144,0.03999999999999915,17.42,17.29,0.06658328118479545
config_search_v1,seq32-bt4096-chunk,L4,trial_elapsed_ms,ms,3,33688.332378335566,33747.54304300586,0.321656343369353,6.643968998105265,33754.18701200397,33563.26707999688,108.36065807026799
config_search_v1,seq32-bt4096-chunk,L4,ttft_ms,ms,3,1013.73,1022.04,2.3119823620450135,9.840000000000146,1031.88,987.27,23.437258798758915
config_search_v1,seq32-bt8192-chunk,L0,avg_power_per_gpu_w,W,1,689.7849919306933,689.7849919306933,0.0,0.0,689.7849919306933,689.7849919306933,0.0
config_search_v1,seq32-bt8192-chunk,L0,avg_power_w,W,1,689.7849919306933,689.7849919306933,0.0,0.0,689.7849919306933,689.7849919306933,0.0
config_search_v1,seq32-bt8192-chunk,L0,capacity_tok_s,tokens/s,1,1392.977675332623,1392.977675332623,0.0,0.0,1392.977675332623,1392.977675332623,0.0
config_search_v1,seq32-bt8192-chunk,L0,duration_s,s,1,23.523707938948466,23.523707938948466,0.0,0.0,23.523707938948466,23.523707938948466,0.0
config_search_v1,seq32-bt8192-chunk,L0,energy_j,J,1,16226.300690847553,16226.300690847553,0.0,0.0,16226.300690847553,16226.300690847553,0.0
config_search_v1,seq32-bt8192-chunk,L0,energy_j_per_1k_output_tokens,J/1k_tokens,1,495.1873990126817,495.1873990126817,0.0,0.0,495.1873990126817,495.1873990126817,0.0
config_search_v1,seq32-bt8192-chunk,L0,energy_j_per_1k_output_tokens_lower,J/1k_tokens,1,241.15626331917596,241.15626331917596,0.0,0.0,241.15626331917596,241.15626331917596,0.0
config_search_v1,seq32-bt8192-chunk,L0,energy_j_per_1k_output_tokens_upper,J/1k_tokens,1,749.2185347061874,749.2185347061874,0.0,0.0,749.2185347061874,749.2185347061874,0.0
config_search_v1,seq32-bt8192-chunk,L0,energy_j_per_1k_tokens,J/1k_tokens,1,495.1873990126817,495.1873990126817,0.0,0.0,495.1873990126817,495.1873990126817,0.0
config_search_v1,seq32-bt8192-chunk,L0,energy_j_per_1k_tokens_lower,J/1k_tokens,1,241.15626331917596,241.15626331917596,0.0,0.0,241.15626331917596,241.15626331917596,0.0
config_search_v1,seq32-bt8192-chunk,L0,energy_j_per_1k_tokens_upper,J/1k_tokens,1,749.2185347061874,749.2185347061874,0.0,0.0,749.2185347061874,749.2185347061874,0.0
config_search_v1,seq32-bt8192-chunk,L0,energy_j_per_1k_total_tokens,J/1k_tokens,1,29.128670530157745,29.128670530157745,0.0,0.0,29.128670530157745,29.128670530157745,0.0
config_search_v1,seq32-bt8192-chunk,L0,estimated_memory_gib,GiB,1,21.893479585647583,21.893479585647583,0.0,0.0,21.893479585647583,21.893479585647583,0.0
config_search_v1,seq32-bt8192-chunk,L0,gpu_energy_j,J,1,16226.300690847553,16226.300690847553,0.0,0.0,16226.300690847553,16226.300690847553,0.0
config_search_v1,seq32-bt8192-chunk,L0,j_per_output_token,J/token,1,0.49518739901268166,0.49518739901268166,0.0,0.0,0.49518739901268166,0.49518739901268166,0.0
config_search_v1,seq32-bt8192-chunk,L0,j_per_total_token,J/token,1,0.029128670530157746,0.029128670530157746,0.0,0.0,0.029128670530157746,0.029128670530157746,0.0
config_search_v1,seq32-bt8192-chunk,L0,relative_uncertainty,,1,0.513,0.513,0.0,0.0,0.513,0.513,0.0
config_search_v1,seq32-bt8192-chunk,L0,request_throughput_req_s,requests/s,1,10.882638088536117,10.882638088536117,0.0,0.0,10.882638088536117,10.882638088536117,0.0
config_search_v1,seq32-bt8192-chunk,L0,throughput_tok_s,tokens/s,1,1392.977675332623,1392.977675332623,0.0,0.0,1392.977675332623,1392.977675332623,0.0
config_search_v1,seq32-bt8192-chunk,L0,throughput_tok_s_lower,,1,678.3801278869873,678.3801278869873,0.0,0.0,678.3801278869873,678.3801278869873,0.0
config_search_v1,seq32-bt8192-chunk,L0,throughput_tok_s_upper,,1,2107.5752227782586,2107.5752227782586,0.0,0.0,2107.5752227782586,2107.5752227782586,0.0
config_search_v1,seq32-bt8192-chunk,L0,total_gpu_power_w,W,1,689.7849919306933,689.7849919306933,0.0,0.0,689.7849919306933,689.7849919306933,0.0
config_search_v1,seq32-bt8192-chunk,L0,tpot_ms,ms,1,21.93394692610868,21.93394692610868,0.0,0.0,21.93394692610868,21.93394692610868,0.0
config_search_v1,seq32-bt8192-chunk,L0,tpot_ms_lower,ms,1,10.681832153014927,10.681832153014927,0.0,0.0,10.681832153014927,10.681832153014927,0.0
config_search_v1,seq32-bt8192-chunk,L0,tpot_ms_upper,ms,1,33.186061699202426,33.186061699202426,0.0,0.0,33.186061699202426,33.186061699202426,0.0
config_search_v1,seq32-bt8192-chunk,L0,ttft_ms,ms,1,1249.8566895843587,1249.8566895843587,0.0,0.0,1249.8566895843587,1249.8566895843587,0.0
config_search_v1,seq32-bt8192-chunk,L0,ttft_ms_lower,ms,1,608.6802078275826,608.6802078275826,0.0,0.0,608.6802078275826,608.6802078275826,0.0
config_search_v1,seq32-bt8192-chunk,L0,ttft_ms_upper,ms,1,1891.0331713411347,1891.0331713411347,0.0,0.0,1891.0331713411347,1891.0331713411347,0.0
config_search_v1,seq32-bt8192-chunk,L1,avg_power_w,W,3,615.1344874771163,614.9875134360979,0.505471103713073,2.886259698950653,618.3146952581037,612.1012537371472,3.1093270831703346
config_search_v1,seq32-bt8192-chunk,L1,benchmark_duration_s,s,3,4.853333333333333,4.85,0.3147373416865308,0.009999999999999787,4.87,4.84,0.015275252316519626
config_search_v1,seq32-bt8192-chunk,L1,energy_j,J,3,3025.0803333333333,3018.97,0.7528977952411338,12.986999999999625,3050.288,3005.983,22.775763133939805
config_search_v1,seq32-bt8192-chunk,L1,energy_j_per_1k_output_tokens,J/1k_tokens,3,369.2725016276042,368.526611328125,0.752897795241135,1.5853271484375,372.349609375,366.9412841796875,2.780244523186016
config_search_v1,seq32-bt8192-chunk,L1,energy_j_per_1k_tokens,J/1k_tokens,3,369.2725016276042,368.526611328125,0.752897795241135,1.5853271484375,372.349609375,366.9412841796875,2.780244523186016
config_search_v1,seq32-bt8192-chunk,L1,energy_j_per_1k_total_tokens,J/1k_tokens,3,21.721911860447307,21.678035960477942,0.7528977952411393,0.09325453814338402,21.902918198529413,21.584781422334558,0.1635437954815313
config_search_v1,seq32-bt8192-chunk,L1,failed_requests,,3,0.0,0.0,,0.0,0.0,0.0,0.0
config_search_v1,seq32-bt8192-chunk,L1,input_tokens,,3,131072.0,131072.0,0.0,0.0,131072.0,131072.0,0.0
config_search_v1,seq32-bt8192-chunk,L1,j_per_output_token,J/token,3,0.36927250162760417,0.368526611328125,0.7528977952411338,0.0015853271484374543,0.372349609375,0.3669412841796875,0.0027802445231860113
config_search_v1,seq32-bt8192-chunk,L1,j_per_total_token,J/token,3,0.021721911860447304,0.02167803596047794,0.7528977952411341,9.325453814337803e-05,0.021902918198529412,0.02158478142233456,0.00016354379548153016
config_search_v1,seq32-bt8192-chunk,L1,mean_e2el_ms,ms,3,2405.67,2404.33,0.25893214354054805,4.110000000000127,2412.46,2400.22,6.229052897511903
config_search_v1,seq32-bt8192-chunk,L1,mean_itl_ms,ms,3,11.996666666666668,12.0,0.20977589428370622,0.019999999999999574,12.02,11.97,0.025166114784235295
config_search_v1,seq32-bt8192-chunk,L1,mean_tpot_ms,ms,3,11.996666666666668,12.0,0.20977589428370622,0.019999999999999574,12.02,11.97,0.025166114784235295
config_search_v1,seq32-bt8192-chunk,L1,mean_ttft_ms,ms,3,881.9966666666668,877.22,0.9895316515697771,0.5199999999999818,892.07,876.7,8.727636182457049
config_search_v1,seq32-bt8192-chunk,L1,measurement_window_ms,ms,3,4917.715810001634,4910.92442900117,0.27389677955901814,1.9304510060464963,4933.229023008607,4908.993977995124,13.469465231459159
config_search_v1,seq32-bt8192-chunk,L1,output_throughput_tok_s,tokens/s,3,1688.2366666666667,1688.72,0.26327786555278554,3.7000000000000455,1692.42,1683.57,4.444753461479495
config_search_v1,seq32-bt8192-chunk,L1,output_tokens,,3,8192.0,8192.0,0.0,0.0,8192.0,8192.0,0.0
config_search_v1,seq32-bt8192-chunk,L1,p50_e2el_ms,ms,3,2327.36,2324.4,0.2807411819457452,1.5700000000001637,2334.85,2322.83,6.5338579721324965
config_search_v1,seq32-bt8192-chunk,L1,p50_itl_ms,ms,3,7.473333333333334,7.47,0.07725471933849215,0.0,7.48,7.47,0.005773502691896647
config_search_v1,seq32-bt8192-chunk,L1,p50_tpot_ms,ms,3,12.35,12.44,1.6254947287356092,0.05000000000000071,12.49,12.12,0.20074859899884773
config_search_v1,seq32-bt8192-chunk,L1,p50_ttft_ms,ms,3,942.7733333333334,944.14,2.7479616744650426,23.83000000000004,967.97,916.21,25.907049877076567
config_search_v1,seq32-bt8192-chunk,L1,p95_e2el_ms,ms,3,2572.1966666666667,2574.14,0.39289836347573814,7.050000000000182,2581.19,2561.26,10.106118608710823
config_search_v1,seq32-bt8192-chunk,L1,p95_itl_ms,ms,3,9.83,9.69,8.835243760978042,0.6500000000000004,10.76,9.04,0.8685044617041414
config_search_v1,seq32-bt8192-chunk,L1,p95_tpot_ms,ms,3,17.173333333333332,17.15,0.39636214783893814,0.029999999999997584,17.25,17.12,0.0680685928555403
config_search_v1,seq32-bt8192-chunk,L1,p95_ttft_ms,ms,3,1501.8166666666666,1500.06,1.842226061645343,24.99000000000001,1530.32,1475.07,27.6668580314667
config_search_v1,seq32-bt8192-chunk,L1,p99_e2el_ms,ms,3,2589.5866666666666,2585.28,0.6419477828582866,9.740000000000236,2607.94,2575.54,16.623794191860473
config_search_v1,seq32-bt8192-chunk,L1,p99_itl_ms,ms,3,185.44666666666663,185.26,0.2226822542466612,0.09999999999999432,185.92,185.16,0.41295681775862486
config_search_v1,seq32-bt8192-chunk,L1,p99_tpot_ms,ms,3,17.543333333333333,17.52,0.2811827586347873,0.00999999999999801,17.6,17.51,0.04932882862316286
config_search_v1,seq32-bt8192-chunk,L1,p99_ttft_ms,ms,3,1559.28,1559.77,0.7607737202678844,11.120000000000118,1570.89,1547.18,11.862592465393067
config_search_v1,seq32-bt8192-chunk,L1,request_throughput_req_s,requests/s,3,13.186666666666667,13.19,0.26632087342903854,0.030000000000001137,13.22,13.15,0.035118845842842555
config_search_v1,seq32-bt8192-chunk,L1,successful_requests,,3,64.0,64.0,0.0,0.0,64.0,64.0,0.0
config_search_v1,seq32-bt8192-chunk,L1,throughput_tok_s,tokens/s,3,1688.2366666666667,1688.72,0.26327786555278554,3.7000000000000455,1692.42,1683.57,4.444753461479495
config_search_v1,seq32-bt8192-chunk,L1,total_throughput_tok_s,tokens/s,3,28700.03,28708.3,0.2634317544616325,62.86000000000058,28771.16,28620.63,75.60499256001486
config_search_v1,seq32-bt8192-chunk,L1,tpot_ms,ms,3,17.173333333333332,17.15,0.39636214783893814,0.029999999999997584,17.25,17.12,0.0680685928555403
config_search_v1,seq32-bt8192-chunk,L1,trial_elapsed_ms,ms,3,18429.9402423397,18428.93908401311,0.4006315663007999,72.32933001068886,18504.271889003576,18356.60975400242,73.83615826118698
config_search_v1,seq32-bt8192-chunk,L1,ttft_ms,ms,3,1501.8166666666666,1500.06,1.842226061645343,24.99000000000001,1530.32,1475.07,27.6668580314667
config_search_v1,seq32-bt8192-chunk,L4,avg_power_w,W,3,642.4889498224925,643.2790481937096,0.302873930608812,0.6365159592666032,643.9155641529762,640.2722371207915,1.9459315360546607
config_search_v1,seq32-bt8192-chunk,L4,benchmark_duration_s,s,3,18.8,18.81,0.4544682843253953,0.07000000000000028,18.88,18.71,0.08544003745317433
config_search_v1,seq32-bt8192-chunk,L4,energy_j,J,3,12122.586000000001,12137.524,0.22828386542110812,2.0570000000006985,12139.581,12090.653,27.6739079097981
config_search_v1,seq32-bt8192-chunk,L4,energy_j_per_1k_output_tokens,J/1k_tokens,3,369.95196533203125,370.4078369140625,0.2282838654211103,0.062774658203125,370.4706115722656,368.9774475097656,0.8445406466613268
config_search_v1,seq32-bt8192-chunk,L4,energy_j_per_1k_tokens,J/1k_tokens,3,369.95196533203125,370.4078369140625,0.2282838654211103,0.062774658203125,370.4706115722656,368.9774475097656,0.8445406466613268
config_search_v1,seq32-bt8192-chunk,L4,energy_j_per_1k_total_tokens,J/1k_tokens,3,21.7618803136489,21.7886962890625,0.22828386542110804,0.003692626953125,21.792388916015625,21.704555735868567,0.04967886156831286
config_search_v1,seq32-bt8192-chunk,L4,failed_requests,,3,0.0,0.0,,0.0,0.0,0.0,0.0
config_search_v1,seq32-bt8192-chunk,L4,input_tokens,,3,524288.0,524288.0,0.0,0.0,524288.0,524288.0,0.0
config_search_v1,seq32-bt8192-chunk,L4,j_per_output_token,J/token,3,0.3699519653320313,0.3704078369140625,0.22828386542110812,6.277465820314632e-05,0.37047061157226563,0.36897744750976563,0.000844540646661319
config_search_v1,seq32-bt8192-chunk,L4,j_per_total_token,J/token,3,0.021761880313648896,0.0217886962890625,0.22828386542110343,3.692626953124417e-06,0.021792388916015624,0.021704555735868568,4.9678861568311846e-05
config_search_v1,seq32-bt8192-chunk,L4,mean_e2el_ms,ms,3,2343.8133333333335,2344.68,0.45338675026216246,9.300000000000182,2353.98,2332.78,10.626539104211266
config_search_v1,seq32-bt8192-chunk,L4,mean_itl_ms,ms,3,12.69,12.8,1.6397676947742226,0.019999999999999574,12.82,12.45,0.2080865204668488
config_search_v1,seq32-bt8192-chunk,L4,mean_tpot_ms,ms,3,12.676666666666668,12.78,1.6211477929843148,0.030000000000001137,12.81,12.44,0.20550750189064498
config_search_v1,seq32-bt8192-chunk,L4,mean_ttft_ms,ms,3,733.6533333333333,717.65,4.805204384289153,8.409999999999968,774.07,709.24,35.25354213881685
config_search_v1,seq32-bt8192-chunk,L4,measurement_window_ms,ms,3,18868.330915337236,18871.407415004796,0.4773306724261804,85.41016399976797,18956.817579004564,18776.767752002343,90.06433083377611
config_search_v1,seq32-bt8192-chunk,L4,output_throughput_tok_s,tokens/s,3,1742.9466666666667,1742.07,0.4744794304829717,6.919999999999845,1751.62,1735.15,8.26992341762194
config_search_v1,seq32-bt8192-chunk,L4,output_tokens,,3,32768.0,32768.0,0.0,0.0,32768.0,32768.0,0.0
config_search_v1,seq32-bt8192-chunk,L4,p50_e2el_ms,ms,3,2339.9866666666667,2352.22,0.9177478422912043,0.330000000000382,2352.55,2315.19,21.475177143235207
config_search_v1,seq32-bt8192-chunk,L4,p50_itl_ms,ms,3,7.483333333333334,7.48,0.07715148363335592,0.0,7.49,7.48,0.005773502691896135
config_search_v1,seq32-bt8192-chunk,L4,p50_tpot_ms,ms,3,12.42,12.4,2.017707582309447,0.22000000000000064,12.68,12.18,0.2505992817228333
config_search_v1,seq32-bt8192-chunk,L4,p50_ttft_ms,ms,3,756.58,750.69,6.751477168077338,41.99000000000001,810.35,708.7,51.08032595823953
config_search_v1,seq32-bt8192-chunk,L4,p95_e2el_ms,ms,3,2516.8199999999997,2505.08,1.2597023755871393,12.420000000000073,2552.72,2492.66,31.704441329252234
config_search_v1,seq32-bt8192-chunk,L4,p95_itl_ms,ms,3,12.406666666666666,13.32,13.525825542274225,0.10999999999999943,13.43,10.47,1.6781040889448222
config_search_v1,seq32-bt8192-chunk,L4,p95_tpot_ms,ms,3,17.353333333333335,17.39,0.4168754209414268,0.00999999999999801,17.4,17.27,0.07234178138070228
config_search_v1,seq32-bt8192-chunk,L4,p95_ttft_ms,ms,3,1309.4933333333333,1338.02,4.185141286148147,6.130000000000109,1344.15,1246.31,54.8041461326909
config_search_v1,seq32-bt8192-chunk,L4,p99_e2el_ms,ms,3,2563.5866666666666,2517.78,3.609927187736852,14.900000000000091,2670.1,2502.88,92.5436120611969
config_search_v1,seq32-bt8192-chunk,L4,p99_itl_ms,ms,3,179.86,179.27,1.7769971127374475,2.2700000000000102,183.31,177.0,3.196107006969573
config_search_v1,seq32-bt8192-chunk,L4,p99_tpot_ms,ms,3,17.603333333333335,17.6,0.1429622123702102,0.020000000000003126,17.63,17.58,0.025166114784236002
config_search_v1,seq32-bt8192-chunk,L4,p99_ttft_ms,ms,3,1483.58,1465.58,3.3991944476324276,20.960000000000036,1540.54,1444.62,50.42976898618517
config_search_v1,seq32-bt8192-chunk,L4,request_throughput_req_s,requests/s,3,13.616666666666667,13.61,0.4426717581401473,0.049999999999998934,13.68,13.56,0.06027713773341673
config_search_v1,seq32-bt8192-chunk,L4,successful_requests,,3,256.0,256.0,0.0,0.0,256.0,256.0,0.0
config_search_v1,seq32-bt8192-chunk,L4,throughput_tok_s,tokens/s,3,1742.9466666666667,1742.07,0.4744794304829717,6.919999999999845,1751.62,1735.15,8.26992341762194
config_search_v1,seq32-bt8192-chunk,L4,total_throughput_tok_s,tokens/s,3,29630.08,29615.11,0.4745311777177451,117.54999999999927,29777.57,29497.56,140.60396758271006
config_search_v1,seq32-bt8192-chunk,L4,tpot_ms,ms,3,17.353333333333335,17.39,0.4168754209414268,0.00999999999999801,17.4,17.27,0.07234178138070228
config_search_v1,seq32-bt8192-chunk,L4,trial_elapsed_ms,ms,3,34089.33264899921,34119.584615997155,0.7387554928702236,205.0924000068335,34324.67701600399,33823.736314996495,251.83681742728416
config_search_v1,seq32-bt8192-chunk,L4,ttft_ms,ms,3,1309.4933333333333,1338.02,4.185141286148147,6.130000000000109,1344.15,1246.31,54.8041461326909
config_search_v1,seq32-bt8192-nochunk,L0,avg_power_per_gpu_w,W,1,689.7849919306933,689.7849919306933,0.0,0.0,689.7849919306933,689.7849919306933,0.0
config_search_v1,seq32-bt8192-nochunk,L0,avg_power_w,W,1,689.7849919306933,689.7849919306933,0.0,0.0,689.7849919306933,689.7849919306933,0.0
config_search_v1,seq32-bt8192-nochunk,L0,capacity_tok_s,tokens/s,1,1392.977675332623,1392.977675332623,0.0,0.0,1392.977675332623,1392.977675332623,0.0
config_search_v1,seq32-bt8192-nochunk,L0,duration_s,s,1,23.523707938948466,23.523707938948466,0.0,0.0,23.523707938948466,23.523707938948466,0.0
config_search_v1,seq32-bt8192-nochunk,L0,energy_j,J,1,16226.300690847553,16226.300690847553,0.0,0.0,16226.300690847553,16226.300690847553,0.0
config_search_v1,seq32-bt8192-nochunk,L0,energy_j_per_1k_output_tokens,J/1k_tokens,1,495.1873990126817,495.1873990126817,0.0,0.0,495.1873990126817,495.1873990126817,0.0
config_search_v1,seq32-bt8192-nochunk,L0,energy_j_per_1k_output_tokens_lower,J/1k_tokens,1,235.9567956295428,235.9567956295428,0.0,0.0,235.9567956295428,235.9567956295428,0.0
config_search_v1,seq32-bt8192-nochunk,L0,energy_j_per_1k_output_tokens_upper,J/1k_tokens,1,754.4180023958206,754.4180023958206,0.0,0.0,754.4180023958206,754.4180023958206,0.0
config_search_v1,seq32-bt8192-nochunk,L0,energy_j_per_1k_tokens,J/1k_tokens,1,495.1873990126817,495.1873990126817,0.0,0.0,495.1873990126817,495.1873990126817,0.0
config_search_v1,seq32-bt8192-nochunk,L0,energy_j_per_1k_tokens_lower,J/1k_tokens,1,235.9567956295428,235.9567956295428,0.0,0.0,235.9567956295428,235.9567956295428,0.0
config_search_v1,seq32-bt8192-nochunk,L0,energy_j_per_1k_tokens_upper,J/1k_tokens,1,754.4180023958206,754.4180023958206,0.0,0.0,754.4180023958206,754.4180023958206,0.0
config_search_v1,seq32-bt8192-nochunk,L0,energy_j_per_1k_total_tokens,J/1k_tokens,1,29.128670530157745,29.128670530157745,0.0,0.0,29.128670530157745,29.128670530157745,0.0
config_search_v1,seq32-bt8192-nochunk,L0,estimated_memory_gib,GiB,1,21.893479585647583,21.893479585647583,0.0,0.0,21.893479585647583,21.893479585647583,0.0
config_search_v1,seq32-bt8192-nochunk,L0,gpu_energy_j,J,1,16226.300690847553,16226.300690847553,0.0,0.0,16226.300690847553,16226.300690847553,0.0
config_search_v1,seq32-bt8192-nochunk,L0,j_per_output_token,J/token,1,0.49518739901268166,0.49518739901268166,0.0,0.0,0.49518739901268166,0.49518739901268166,0.0
config_search_v1,seq32-bt8192-nochunk,L0,j_per_total_token,J/token,1,0.029128670530157746,0.029128670530157746,0.0,0.0,0.029128670530157746,0.029128670530157746,0.0
config_search_v1,seq32-bt8192-nochunk,L0,relative_uncertainty,,1,0.5235000000000001,0.5235000000000001,0.0,0.0,0.5235000000000001,0.5235000000000001,0.0
config_search_v1,seq32-bt8192-nochunk,L0,request_throughput_req_s,requests/s,1,10.882638088536117,10.882638088536117,0.0,0.0,10.882638088536117,10.882638088536117,0.0
config_search_v1,seq32-bt8192-nochunk,L0,throughput_tok_s,tokens/s,1,1392.977675332623,1392.977675332623,0.0,0.0,1392.977675332623,1392.977675332623,0.0
config_search_v1,seq32-bt8192-nochunk,L0,throughput_tok_s_lower,,1,663.7538622959947,663.7538622959947,0.0,0.0,663.7538622959947,663.7538622959947,0.0
config_search_v1,seq32-bt8192-nochunk,L0,throughput_tok_s_upper,,1,2122.2014883692514,2122.2014883692514,0.0,0.0,2122.2014883692514,2122.2014883692514,0.0
config_search_v1,seq32-bt8192-nochunk,L0,total_gpu_power_w,W,1,689.7849919306933,689.7849919306933,0.0,0.0,689.7849919306933,689.7849919306933,0.0
config_search_v1,seq32-bt8192-nochunk,L0,tpot_ms,ms,1,21.93394692610868,21.93394692610868,0.0,0.0,21.93394692610868,21.93394692610868,0.0
config_search_v1,seq32-bt8192-nochunk,L0,tpot_ms_lower,ms,1,10.451525710290783,10.451525710290783,0.0,0.0,10.451525710290783,10.451525710290783,0.0
config_search_v1,seq32-bt8192-nochunk,L0,tpot_ms_upper,ms,1,33.416368141926576,33.416368141926576,0.0,0.0,33.416368141926576,33.416368141926576,0.0
config_search_v1,seq32-bt8192-nochunk,L0,ttft_ms,ms,1,1562.3208619804484,1562.3208619804484,0.0,0.0,1562.3208619804484,1562.3208619804484,0.0
config_search_v1,seq32-bt8192-nochunk,L0,ttft_ms_lower,ms,1,744.4458907336835,744.4458907336835,0.0,0.0,744.4458907336835,744.4458907336835,0.0
config_search_v1,seq32-bt8192-nochunk,L0,ttft_ms_upper,ms,1,2380.1958332272134,2380.1958332272134,0.0,0.0,2380.1958332272134,2380.1958332272134,0.0
config_search_v1,seq32-bt8192-nochunk,L1,avg_power_w,W,3,620.454720927116,619.2560459811804,0.8252659864190579,3.216057594254039,626.0681284132413,616.0399883869263,5.120401772942777
config_search_v1,seq32-bt8192-nochunk,L1,benchmark_duration_s,s,3,4.84,4.84,0.20661157024792948,0.009999999999999787,4.85,4.83,0.009999999999999787
config_search_v1,seq32-bt8192-nochunk,L1,energy_j,J,3,3050.9919999999997,3038.303,1.5124607886882933,25.784000000000106,3102.154,3012.519,46.14505766601673
config_search_v1,seq32-bt8192-nochunk,L1,energy_j_per_1k_output_tokens,J/1k_tokens,3,372.435546875,370.8865966796875,1.5124607886882897,3.1474609375,378.680908203125,367.7391357421875,5.63294160962117
config_search_v1,seq32-bt8192-nochunk,L1,energy_j_per_1k_tokens,J/1k_tokens,3,372.435546875,370.8865966796875,1.5124607886882897,3.1474609375,378.680908203125,367.7391357421875,5.63294160962117
config_search_v1,seq32-bt8192-nochunk,L1,energy_j_per_1k_total_tokens,J/1k_tokens,3,21.907973345588236,21.816858628216913,1.5124607886882875,0.18514476102941302,22.275347541360293,21.6317138671875,0.33134950644830363
config_search_v1,seq32-bt8192-nochunk,L1,failed_requests,,3,0.0,0.0,,0.0,0.0,0.0,0.0
config_search_v1,seq32-bt8192-nochunk,L1,input_tokens,,3,131072.0,131072.0,0.0,0.0,131072.0,131072.0,0.0
config_search_v1,seq32-bt8192-nochunk,L1,j_per_output_token,J/token,3,0.37243554687499997,0.3708865966796875,1.5124607886882933,0.003147460937500013,0.378680908203125,0.3677391357421875,0.005632941609621183
config_search_v1,seq32-bt8192-nochunk,L1,j_per_total_token,J/token,3,0.021907973345588236,0.02181685862821691,1.5124607886882924,0.0001851447610294113,0.022275347541360294,0.0216317138671875,0.0003313495064483047
config_search_v1,seq32-bt8192-nochunk,L1,mean_e2el_ms,ms,3,2396.2866666666664,2398.2,0.21902352438625422,2.1100000000001273,2400.31,2390.35,5.248431511731225
config_search_v1,seq32-bt8192-nochunk,L1,mean_itl_ms,ms,3,12.42,12.42,0.24154589371980165,0.02999999999999936,12.45,12.39,0.02999999999999936
config_search_v1,seq32-bt8192-nochunk,L1,mean_tpot_ms,ms,3,12.42,12.42,0.24154589371980165,0.02999999999999936,12.45,12.39,0.02999999999999936
config_search_v1,seq32-bt8192-nochunk,L1,mean_ttft_ms,ms,3,818.5766666666667,816.49,0.9044870730288532,4.0499999999999545,826.8,812.44,7.4039201328304864
config_search_v1,seq32-bt8192-nochunk,L1,measurement_window_ms,ms,3,4917.163261668368,4906.375997001305,0.6861784559421455,16.240523997112177,4954.978314999607,4890.135473004193,33.74051494507045
config_search_v1,seq32-bt8192-nochunk,L1,output_throughput_tok_s,tokens/s,3,1692.7033333333331,1691.48,0.2722527089865148,2.650000000000091,1697.8,1688.83,4.608430680105036
config_search_v1,seq32-bt8192-nochunk,L1,output_tokens,,3,8192.0,8192.0,0.0,0.0,8192.0,8192.0,0.0
config_search_v1,seq32-bt8192-nochunk,L1,p50_e2el_ms,ms,3,2315.1133333333332,2315.57,0.2237522877030336,4.480000000000018,2320.05,2309.72,5.180119046251291
config_search_v1,seq32-bt8192-nochunk,L1,p50_itl_ms,ms,3,7.473333333333334,7.47,0.07725471933849215,0.0,7.48,7.47,0.005773502691896647
config_search_v1,seq32-bt8192-nochunk,L1,p50_tpot_ms,ms,3,12.413333333333334,12.41,0.20273454444872685,0.019999999999999574,12.44,12.39,0.025166114784235295
config_search_v1,seq32-bt8192-nochunk,L1,p50_ttft_ms,ms,3,886.7966666666666,887.02,1.0066676831919938,8.590000000000032,895.61,877.76,8.92709545895716
config_search_v1,seq32-bt8192-nochunk,L1,p95_e2el_ms,ms,3,2621.0933333333332,2581.29,2.9804858580571754,10.400000000000091,2711.1,2570.89,78.12131612647941
config_search_v1,seq32-bt8192-nochunk,L1,p95_itl_ms,ms,3,12.770000000000001,12.86,2.6171926338400002,0.19000000000000128,13.05,12.4,0.33421549934136807
config_search_v1,seq32-bt8192-nochunk,L1,p95_tpot_ms,ms,3,17.05666666666667,17.07,0.1353958028195302,0.0,17.07,17.03,0.02309401076758454
config_search_v1,seq32-bt8192-nochunk,L1,p95_ttft_ms,ms,3,1439.5033333333333,1442.42,0.5422027151773364,3.009999999999991,1445.43,1430.66,7.805026158401597
config_search_v1,seq32-bt8192-nochunk,L1,p99_e2el_ms,ms,3,2668.2000000000003,2699.02,2.4951147902797057,14.760000000000218,2713.78,2591.8,66.57465283424311
config_search_v1,seq32-bt8192-nochunk,L1,p99_itl_ms,ms,3,138.26,138.85,1.5315849568347493,1.170000000000016,140.02,135.91,2.117569361319724
config_search_v1,seq32-bt8192-nochunk,L1,p99_tpot_ms,ms,3,17.290000000000003,17.36,0.751879699248119,0.010000000000001563,17.37,17.14,0.1299999999999998
config_search_v1,seq32-bt8192-nochunk,L1,p99_ttft_ms,ms,3,1565.4733333333334,1567.69,0.4732148269744143,3.8299999999999272,1571.52,1557.21,7.408051925663929
config_search_v1,seq32-bt8192-nochunk,L1,request_throughput_req_s,requests/s,3,13.219999999999999,13.21,0.2727345896720111,0.02000000000000135,13.26,13.19,0.03605551275463986
config_search_v1,seq32-bt8192-nochunk,L1,successful_requests,,3,64.0,64.0,0.0,0.0,64.0,64.0,0.0
config_search_v1,seq32-bt8192-nochunk,L1,throughput_tok_s,tokens/s,3,1692.7033333333331,1691.48,0.2722527089865148,2.650000000000091,1697.8,1688.83,4.608430680105036
config_search_v1,seq32-bt8192-nochunk,L1,total_throughput_tok_s,tokens/s,3,28775.97,28755.14,0.27244475346470776,45.04999999999927,28862.68,28710.09,78.39862052357827
config_search_v1,seq32-bt8192-nochunk,L1,tpot_ms,ms,3,17.05666666666667,17.07,0.1353958028195302,0.0,17.07,17.03,0.02309401076758454
config_search_v1,seq32-bt8192-nochunk,L1,trial_elapsed_ms,ms,3,18328.75985066251,18312.573867995525,0.2736811662788339,23.885050002718344,18385.016865999205,18288.688817992806,50.162363723739816
config_search_v1,seq32-bt8192-nochunk,L1,ttft_ms,ms,3,1439.5033333333333,1442.42,0.5422027151773364,3.009999999999991,1445.43,1430.66,7.805026158401597
config_search_v1,seq32-bt8192-nochunk,L4,avg_power_w,W,3,640.0359506689706,640.23348655756,0.2743609887074041,1.4513523562307,641.6848389137907,638.189526535561,1.756008962338221
config_search_v1,seq32-bt8192-nochunk,L4,benchmark_duration_s,s,3,18.776666666666667,18.76,0.2016299785478518,0.010000000000001563,18.82,18.75,0.03785938897200165
config_search_v1,seq32-bt8192-nochunk,L4,energy_j,J,3,12079.913333333332,12079.883,0.009733459657308844,1.1299999999991996,12081.104,12078.753,1.175793490937872
config_search_v1,seq32-bt8192-nochunk,L4,energy_j_per_1k_output_tokens,J/1k_tokens,3,368.6496988932292,368.6487731933594,0.009733459657314003,0.03448486328125,368.68603515625,368.6142883300781,0.03588236971858201
config_search_v1,seq32-bt8192-nochunk,L4,energy_j_per_1k_tokens,J/1k_tokens,3,368.6496988932292,368.6487731933594,0.009733459657314003,0.03448486328125,368.68603515625,368.6142883300781,0.03588236971858201
config_search_v1,seq32-bt8192-nochunk,L4,energy_j_per_1k_total_tokens,J/1k_tokens,3,21.68527640548407,21.685221952550553,0.00973345965730911,0.002028521369485503,21.687413832720587,21.683193431181067,0.002110727630503763
config_search_v1,seq32-bt8192-nochunk,L4,failed_requests,,3,0.0,0.0,,0.0,0.0,0.0,0.0
config_search_v1,seq32-bt8192-nochunk,L4,input_tokens,,3,524288.0,524288.0,0.0,0.0,524288.0,524288.0,0.0
config_search_v1,seq32-bt8192-nochunk,L4,j_per_output_token,J/token,3,0.3686496988932291,0.36864877319335937,0.009733459657308844,3.4484863281225575e-05,0.36868603515625,0.36861428833007814,3.588236971856299e-05
config_search_v1,seq32-bt8192-nochunk,L4,j_per_total_token,J/token,3,0.021685276405484066,0.02168522195255055,0.009733459657308392,2.028521369483449e-06,0.021687413832720586,0.021683193431181066,2.110727630503607e-06
config_search_v1,seq32-bt8192-nochunk,L4,mean_e2el_ms,ms,3,2330.6366666666668,2335.93,0.4669376766088985,1.930000000000291,2337.86,2318.12,10.882620701528412
config_search_v1,seq32-bt8192-nochunk,L4,mean_itl_ms,ms,3,12.973333333333334,12.78,2.8523513024415066,0.03999999999999915,13.4,12.74,0.37004504230341145
config_search_v1,seq32-bt8192-nochunk,L4,mean_tpot_ms,ms,3,12.973333333333334,12.78,2.8523513024415066,0.03999999999999915,13.4,12.74,0.37004504230341145
config_search_v1,seq32-bt8192-nochunk,L4,mean_ttft_ms,ms,3,683.2033333333334,715.1,8.420706929828564,2.6200000000000045,717.72,616.79,57.53055043481974
config_search_v1,seq32-bt8192-nochunk,L4,measurement_window_ms,ms,3,18873.89769166475,18866.168755004765,0.2704348188714967,39.00740201061126,18928.362966995337,18827.161352994153,51.041591036445155
config_search_v1,seq32-bt8192-nochunk,L4,output_throughput_tok_s,tokens/s,3,1744.9066666666668,1746.28,0.20967920983122096,1.400000000000091,1747.68,1740.76,3.658706510958963
config_search_v1,seq32-bt8192-nochunk,L4,output_tokens,,3,32768.0,32768.0,0.0,0.0,32768.0,32768.0,0.0
config_search_v1,seq32-bt8192-nochunk,L4,p50_e2el_ms,ms,3,2324.1433333333334,2325.59,0.3671237033817212,6.269999999999982,2331.86,2314.98,8.532481077232715
config_search_v1,seq32-bt8192-nochunk,L4,p50_itl_ms,ms,3,7.486666666666667,7.49,0.07711713301731257,0.0,7.49,7.48,0.005773502691896135
config_search_v1,seq32-bt8192-nochunk,L4,p50_tpot_ms,ms,3,13.24,13.03,3.147834740811892,0.05999999999999872,13.72,12.97,0.41677331968349446
config_search_v1,seq32-bt8192-nochunk,L4,p50_ttft_ms,ms,3,633.9399999999999,677.92,12.99261959237475,7.060000000000059,684.98,538.92,82.36541264390048
config_search_v1,seq32-bt8192-nochunk,L4,p95_e2el_ms,ms,3,2529.04,2503.2,1.803008923173076,0.9699999999997999,2581.69,2502.23,45.59881687061636
config_search_v1,seq32-bt8192-nochunk,L4,p95_itl_ms,ms,3,31.60666666666667,38.77,45.816597265108854,2.3399999999999963,41.11,14.94,14.481099175592073
config_search_v1,seq32-bt8192-nochunk,L4,p95_tpot_ms,ms,3,17.12,17.11,0.26767381395771106,0.030000000000001137,17.17,17.08,0.045825756949560134
config_search_v1,seq32-bt8192-nochunk,L4,p95_ttft_ms,ms,3,1272.72,1312.48,6.063951349076733,9.430000000000064,1321.91,1183.77,77.1771216099694
config_search_v1,seq32-bt8192-nochunk,L4,p99_e2el_ms,ms,3,2596.2566666666667,2586.75,2.968926236069879,62.38000000000011,2677.65,2524.37,77.08094533237997
config_search_v1,seq32-bt8192-nochunk,L4,p99_itl_ms,ms,3,137.22666666666666,137.31,0.683381074362055,0.8100000000000023,138.12,136.25,0.9377810689779026
config_search_v1,seq32-bt8192-nochunk,L4,p99_tpot_ms,ms,3,17.430000000000003,17.44,0.09937181913763297,0.0,17.44,17.41,0.01732050807568943
config_search_v1,seq32-bt8192-nochunk,L4,p99_ttft_ms,ms,3,1443.5333333333335,1441.84,0.3357842268379029,2.0799999999999272,1449.0,1439.76,4.847157242480741
config_search_v1,seq32-bt8192-nochunk,L4,request_throughput_req_s,requests/s,3,13.63,13.64,0.19411234857407444,0.009999999999999787,13.65,13.6,0.026457513110646348
config_search_v1,seq32-bt8192-nochunk,L4,successful_requests,,3,256.0,256.0,0.0,0.0,256.0,256.0,0.0
config_search_v1,seq32-bt8192-nochunk,L4,throughput_tok_s,tokens/s,3,1744.9066666666668,1746.28,0.20967920983122096,1.400000000000091,1747.68,1740.76,3.658706510958963
config_search_v1,seq32-bt8192-nochunk,L4,total_throughput_tok_s,tokens/s,3,29663.430000000004,29686.72,0.20973698536558608,23.919999999998254,29710.64,29592.93,62.21518383803088
config_search_v1,seq32-bt8192-nochunk,L4,tpot_ms,ms,3,17.12,17.11,0.26767381395771106,0.030000000000001137,17.17,17.08,0.045825756949560134
config_search_v1,seq32-bt8192-nochunk,L4,trial_elapsed_ms,ms,3,34073.00817766615,34081.58301799267,0.20492619979893154,56.56624800758436,34138.149266000255,33999.29224900552,69.82452081567041
config_search_v1,seq32-bt8192-nochunk,L4,ttft_ms,ms,3,1272.72,1312.48,6.063951349076733,9.430000000000064,1321.91,1183.77,77.1771216099694
config_search_v1,seq8-bt2048-chunk,L0,avg_power_per_gpu_w,W,1,466.23970844782906,466.23970844782906,0.0,0.0,466.23970844782906,466.23970844782906,0.0
config_search_v1,seq8-bt2048-chunk,L0,avg_power_w,W,1,466.23970844782906,466.23970844782906,0.0,0.0,466.23970844782906,466.23970844782906,0.0
config_search_v1,seq8-bt2048-chunk,L0,capacity_tok_s,tokens/s,1,896.9581888522741,896.9581888522741,0.0,0.0,896.9581888522741,896.9581888522741,0.0
config_search_v1,seq8-bt2048-chunk,L0,duration_s,s,1,36.53236060192408,36.53236060192408,0.0,0.0,36.53236060192408,36.53236060192408,0.0
config_search_v1,seq8-bt2048-chunk,L0,energy_j,J,1,17032.837155952042,17032.837155952042,0.0,0.0,17032.837155952042,17032.837155952042,0.0
config_search_v1,seq8-bt2048-chunk,L0,energy_j_per_1k_output_tokens,J/1k_tokens,1,519.8009385971692,519.8009385971692,0.0,0.0,519.8009385971692,519.8009385971692,0.0
config_search_v1,seq8-bt2048-chunk,L0,energy_j_per_1k_output_tokens_lower,J/1k_tokens,1,238.58863081610065,238.58863081610065,0.0,0.0,238.58863081610065,238.58863081610065,0.0
config_search_v1,seq8-bt2048-chunk,L0,energy_j_per_1k_output_tokens_upper,J/1k_tokens,1,801.0132463782377,801.0132463782377,0.0,0.0,801.0132463782377,801.0132463782377,0.0
config_search_v1,seq8-bt2048-chunk,L0,energy_j_per_1k_tokens,J/1k_tokens,1,519.8009385971692,519.8009385971692,0.0,0.0,519.8009385971692,519.8009385971692,0.0
config_search_v1,seq8-bt2048-chunk,L0,energy_j_per_1k_tokens_lower,J/1k_tokens,1,238.58863081610065,238.58863081610065,0.0,0.0,238.58863081610065,238.58863081610065,0.0
config_search_v1,seq8-bt2048-chunk,L0,energy_j_per_1k_tokens_upper,J/1k_tokens,1,801.0132463782377,801.0132463782377,0.0,0.0,801.0132463782377,801.0132463782377,0.0
config_search_v1,seq8-bt2048-chunk,L0,energy_j_per_1k_total_tokens,J/1k_tokens,1,30.576525799833483,30.576525799833483,0.0,0.0,30.576525799833483,30.576525799833483,0.0
config_search_v1,seq8-bt2048-chunk,L0,estimated_memory_gib,GiB,1,19.104417085647583,19.104417085647583,0.0,0.0,19.104417085647583,19.104417085647583,0.0
config_search_v1,seq8-bt2048-chunk,L0,gpu_energy_j,J,1,17032.837155952042,17032.837155952042,0.0,0.0,17032.837155952042,17032.837155952042,0.0
config_search_v1,seq8-bt2048-chunk,L0,j_per_output_token,J/token,1,0.5198009385971692,0.5198009385971692,0.0,0.0,0.5198009385971692,0.5198009385971692,0.0
config_search_v1,seq8-bt2048-chunk,L0,j_per_total_token,J/token,1,0.030576525799833484,0.030576525799833484,0.0,0.0,0.030576525799833484,0.030576525799833484,0.0
config_search_v1,seq8-bt2048-chunk,L0,relative_uncertainty,,1,0.541,0.541,0.0,0.0,0.541,0.541,0.0
config_search_v1,seq8-bt2048-chunk,L0,request_throughput_req_s,requests/s,1,7.007485850408392,7.007485850408392,0.0,0.0,7.007485850408392,7.007485850408392,0.0
config_search_v1,seq8-bt2048-chunk,L0,throughput_tok_s,tokens/s,1,896.9581888522741,896.9581888522741,0.0,0.0,896.9581888522741,896.9581888522741,0.0
config_search_v1,seq8-bt2048-chunk,L0,throughput_tok_s_lower,,1,411.7038086831938,411.7038086831938,0.0,0.0,411.7038086831938,411.7038086831938,0.0
config_search_v1,seq8-bt2048-chunk,L0,throughput_tok_s_upper,,1,1382.2125690213543,1382.2125690213543,0.0,0.0,1382.2125690213543,1382.2125690213543,0.0
config_search_v1,seq8-bt2048-chunk,L0,total_gpu_power_w,W,1,466.23970844782906,466.23970844782906,0.0,0.0,466.23970844782906,466.23970844782906,0.0
config_search_v1,seq8-bt2048-chunk,L0,tpot_ms,ms,1,8.515864724724658,8.515864724724658,0.0,0.0,8.515864724724658,8.515864724724658,0.0
config_search_v1,seq8-bt2048-chunk,L0,tpot_ms_lower,ms,1,3.9087819086486175,3.9087819086486175,0.0,0.0,3.9087819086486175,3.9087819086486175,0.0
config_search_v1,seq8-bt2048-chunk,L0,tpot_ms_upper,ms,1,13.122947540800697,13.122947540800697,0.0,0.0,13.122947540800697,13.122947540800697,0.0
config_search_v1,seq8-bt2048-chunk,L0,ttft_ms,ms,1,485.2574199093711,485.2574199093711,0.0,0.0,485.2574199093711,485.2574199093711,0.0
config_search_v1,seq8-bt2048-chunk,L0,ttft_ms_lower,ms,1,222.7331557384013,222.7331557384013,0.0,0.0,222.7331557384013,222.7331557384013,0.0
config_search_v1,seq8-bt2048-chunk,L0,ttft_ms_upper,ms,1,747.7816840803408,747.7816840803408,0.0,0.0,747.7816840803408,747.7816840803408,0.0
config_search_v1,seq8-bt2048-chunk,L1,avg_power_w,W,3,544.2298494705452,543.2210872027217,0.33295455474228103,0.07439588594445468,546.3217698921366,543.1466913167773,1.8120380720792402
config_search_v1,seq8-bt2048-chunk,L1,benchmark_duration_s,s,3,9.343333333333334,9.34,0.16348825169303394,0.009999999999999787,9.36,9.33,0.01527525231651914
config_search_v1,seq8-bt2048-chunk,L1,energy_j,J,3,5120.791333333334,5120.774,0.3978683020590985,20.347999999999956,5141.174,5100.426,20.374005529922805
config_search_v1,seq8-bt2048-chunk,L1,energy_j_per_1k_output_tokens,J/1k_tokens,3,625.0965983072916,625.094482421875,0.39786830205910245,2.48388671875,627.584716796875,622.610595703125,2.4870612219144297
config_search_v1,seq8-bt2048-chunk,L1,energy_j_per_1k_tokens,J/1k_tokens,3,625.0965983072916,625.094482421875,0.39786830205910245,2.48388671875,627.584716796875,622.610595703125,2.4870612219144297
config_search_v1,seq8-bt2048-chunk,L1,energy_j_per_1k_total_tokens,J/1k_tokens,3,36.77038813572304,36.770263671875,0.39786830205910484,0.14611098345588402,36.916748046875,36.624152688419116,0.14629771893614377
config_search_v1,seq8-bt2048-chunk,L1,failed_requests,,3,0.0,0.0,,0.0,0.0,0.0,0.0
config_search_v1,seq8-bt2048-chunk,L1,input_tokens,,3,131072.0,131072.0,0.0,0.0,131072.0,131072.0,0.0
config_search_v1,seq8-bt2048-chunk,L1,j_per_output_token,J/token,3,0.6250965983072917,0.625094482421875,0.3978683020590985,0.0024838867187499947,0.627584716796875,0.622610595703125,0.002487061221914405
config_search_v1,seq8-bt2048-chunk,L1,j_per_total_token,J/token,3,0.03677038813572304,0.036770263671875004,0.397868302059103,0.00014611098345588408,0.036916748046875,0.03662415268841912,0.0001462977189361431
config_search_v1,seq8-bt2048-chunk,L1,mean_e2el_ms,ms,3,3825.2233333333334,3826.05,0.1675746340732089,5.129999999999654,3831.18,3818.44,6.410104003316338
config_search_v1,seq8-bt2048-chunk,L1,mean_itl_ms,ms,3,8.11,8.11,0.12330456226880132,0.009999999999999787,8.12,8.1,0.009999999999999787
config_search_v1,seq8-bt2048-chunk,L1,mean_tpot_ms,ms,3,8.11,8.11,0.12330456226880132,0.009999999999999787,8.12,8.1,0.009999999999999787
config_search_v1,seq8-bt2048-chunk,L1,mean_ttft_ms,ms,3,2795.2466666666664,2797.32,0.21652734249941052,2.669999999999618,2799.99,2788.43,6.052473323636689
config_search_v1,seq8-bt2048-chunk,L1,measurement_window_ms,ms,3,9409.24050300479,9410.523767000996,0.19257775736208813,16.161096005816944,9426.684863006813,9390.512879006565,18.120104345491885
config_search_v1,seq8-bt2048-chunk,L1,output_throughput_tok_s,tokens/s,3,876.8633333333333,876.91,0.16884634613986094,1.4100000000000819,878.32,875.36,1.4805516989735226
config_search_v1,seq8-bt2048-chunk,L1,output_tokens,,3,8192.0,8192.0,0.0,0.0,8192.0,8192.0,0.0
config_search_v1,seq8-bt2048-chunk,L1,p50_e2el_ms,ms,3,4590.503333333333,4590.95,0.1257590720021744,5.0900000000001455,4596.04,4584.52,5.772974392228883
config_search_v1,seq8-bt2048-chunk,L1,p50_itl_ms,ms,3,6.55,6.55,0.1526717557251876,0.009999999999999787,6.56,6.54,0.009999999999999787
config_search_v1,seq8-bt2048-chunk,L1,p50_tpot_ms,ms,3,8.043333333333333,8.04,0.18991196415068518,0.009999999999999787,8.06,8.03,0.01527525231652011
config_search_v1,seq8-bt2048-chunk,L1,p50_ttft_ms,ms,3,3515.2966666666666,3517.31,0.10592194503997902,0.2699999999999818,3517.58,3511.0,3.7234706032588814
config_search_v1,seq8-bt2048-chunk,L1,p95_e2el_ms,ms,3,4818.62,4825.17,0.2541759098210503,1.0299999999997453,4826.2,4804.49,12.247771225819095
config_search_v1,seq8-bt2048-chunk,L1,p95_itl_ms,ms,3,12.336666666666666,12.35,1.6238831884697829,0.17999999999999972,12.53,12.13,0.20033305601755552
config_search_v1,seq8-bt2048-chunk,L1,p95_tpot_ms,ms,3,8.583333333333334,8.59,0.13452821806359924,0.0,8.59,8.57,0.01154700538379227
config_search_v1,seq8-bt2048-chunk,L1,p95_ttft_ms,ms,3,3805.31,3811.62,0.3210111581012592,1.4600000000000364,3813.08,3791.23,12.215469700343025
config_search_v1,seq8-bt2048-chunk,L1,p99_e2el_ms,ms,3,4932.546666666666,4938.98,0.2660199070141949,2.230000000000473,4941.21,4917.45,13.121556056098438
config_search_v1,seq8-bt2048-chunk,L1,p99_itl_ms,ms,3,45.25333333333333,45.2,0.2636347991775655,0.030000000000001137,45.39,45.17,0.11930353445448763
config_search_v1,seq8-bt2048-chunk,L1,p99_tpot_ms,ms,3,8.596666666666666,8.59,0.13431956631010783,0.0,8.61,8.59,0.01154700538379227
config_search_v1,seq8-bt2048-chunk,L1,p99_ttft_ms,ms,3,3902.08,3909.21,0.3436901941012517,1.2100000000000364,3910.42,3886.61,13.411066325986122
config_search_v1,seq8-bt2048-chunk,L1,request_throughput_req_s,requests/s,3,6.8500000000000005,6.85,0.14598540145985736,0.009999999999999787,6.86,6.84,0.010000000000000231
config_search_v1,seq8-bt2048-chunk,L1,successful_requests,,3,64.0,64.0,0.0,0.0,64.0,64.0,0.0
config_search_v1,seq8-bt2048-chunk,L1,throughput_tok_s,tokens/s,3,876.8633333333333,876.91,0.16884634613986094,1.4100000000000819,878.32,875.36,1.4805516989735226
config_search_v1,seq8-bt2048-chunk,L1,total_throughput_tok_s,tokens/s,3,14906.706666666667,14907.49,0.16860972224289733,23.950000000000728,14931.44,14881.19,25.134156706230126
config_search_v1,seq8-bt2048-chunk,L1,tpot_ms,ms,3,8.583333333333334,8.59,0.13452821806359924,0.0,8.59,8.57,0.01154700538379227
config_search_v1,seq8-bt2048-chunk,L1,trial_elapsed_ms,ms,3,22339.58557432925,22376.431862998288,0.33312708015259135,11.961377997067757,22388.393240995356,22253.931618994102,74.41920914195252
config_search_v1,seq8-bt2048-chunk,L1,ttft_ms,ms,3,3805.31,3811.62,0.3210111581012592,1.4600000000000364,3813.08,3791.23,12.215469700343025
config_search_v1,seq8-bt2048-chunk,L4,avg_power_w,W,3,549.1599674904604,549.3191140181245,0.0553216721607278,0.03202260859166017,549.3511366267162,548.8096518265406,0.30380447685303186
config_search_v1,seq8-bt2048-chunk,L4,benchmark_duration_s,s,3,37.02,37.01,0.09739468599308644,0.01999999999999602,37.06,36.99,0.036055512754640605
config_search_v1,seq8-bt2048-chunk,L4,energy_j,J,3,20372.512,20374.211,0.08562354152372505,14.833000000002357,20389.044,20354.281,17.443666271745865
config_search_v1,seq8-bt2048-chunk,L4,energy_j_per_1k_output_tokens,J/1k_tokens,3,621.7197265625,621.7715759277344,0.0856235415237188,0.452667236328125,622.2242431640625,621.1633605957031,0.5323384482343931
config_search_v1,seq8-bt2048-chunk,L4,energy_j_per_1k_tokens,J/1k_tokens,3,621.7197265625,621.7715759277344,0.0856235415237188,0.452667236328125,622.2242431640625,621.1633605957031,0.5323384482343931
config_search_v1,seq8-bt2048-chunk,L4,energy_j_per_1k_total_tokens,J/1k_tokens,3,36.57174862132353,36.574798583984375,0.08562354152371957,0.02662748448989305,36.60142606847427,36.53902121151195,0.03131402636672929
config_search_v1,seq8-bt2048-chunk,L4,failed_requests,,3,0.0,0.0,,0.0,0.0,0.0,0.0
config_search_v1,seq8-bt2048-chunk,L4,input_tokens,,3,524288.0,524288.0,0.0,0.0,524288.0,524288.0,0.0
config_search_v1,seq8-bt2048-chunk,L4,j_per_output_token,J/token,3,0.6217197265625,0.6217715759277344,0.08562354152372505,0.00045266723632819694,0.6222242431640626,0.6211633605957031,0.0005323384482344319
config_search_v1,seq8-bt2048-chunk,L4,j_per_total_token,J/token,3,0.03657174862132353,0.03657479858398437,0.08562354152372736,2.6627484489893938e-05,0.03660142606847427,0.036539021211511945,3.131402636673214e-05
config_search_v1,seq8-bt2048-chunk,L4,mean_e2el_ms,ms,3,4414.900000000001,4413.76,0.09949016168743043,2.5700000000006185,4419.75,4411.19,4.392391148338366
config_search_v1,seq8-bt2048-chunk,L4,mean_itl_ms,ms,3,8.203333333333333,8.2,0.07037995967367525,0.0,8.21,8.2,0.00577350269189716
config_search_v1,seq8-bt2048-chunk,L4,mean_tpot_ms,ms,3,8.203333333333333,8.2,0.07037995967367525,0.0,8.21,8.2,0.00577350269189716
config_search_v1,seq8-bt2048-chunk,L4,mean_ttft_ms,ms,3,3373.5699999999997,3372.92,0.10551994829241848,2.5399999999999636,3377.41,3370.38,3.5597893196085417
config_search_v1,seq8-bt2048-chunk,L4,measurement_window_ms,ms,3,37097.59918500398,37114.77530600678,0.10339666410389754,9.591826004907489,37124.367132011685,37053.65511699347,38.3576800199288
config_search_v1,seq8-bt2048-chunk,L4,output_throughput_tok_s,tokens/s,3,885.1633333333333,885.41,0.09682384809197356,0.4600000000000364,885.87,884.21,0.8570492012325162
config_search_v1,seq8-bt2048-chunk,L4,output_tokens,,3,32768.0,32768.0,0.0,0.0,32768.0,32768.0,0.0
config_search_v1,seq8-bt2048-chunk,L4,p50_e2el_ms,ms,3,4598.37,4597.48,0.06305120093061885,1.4599999999991269,4601.61,4596.02,2.8993275082332977
config_search_v1,seq8-bt2048-chunk,L4,p50_itl_ms,ms,3,6.553333333333334,6.55,0.08810024453554631,0.0,6.56,6.55,0.005773502691896135
config_search_v1,seq8-bt2048-chunk,L4,p50_tpot_ms,ms,3,8.09,8.09,0.12360939431396523,0.009999999999999787,8.1,8.08,0.009999999999999787
config_search_v1,seq8-bt2048-chunk,L4,p50_ttft_ms,ms,3,3548.1800000000003,3547.43,0.08582084324124435,1.849999999999909,3551.53,3545.58,3.045077995717184
config_search_v1,seq8-bt2048-chunk,L4,p95_e2el_ms,ms,3,4606.086666666666,4603.67,0.1256322229497186,1.7700000000004366,4612.69,4601.9,5.786729070323928
config_search_v1,seq8-bt2048-chunk,L4,p95_itl_ms,ms,3,13.323333333333332,13.33,0.527178071196036,0.0600000000000005,13.39,13.25,0.0702376916856852
config_search_v1,seq8-bt2048-chunk,L4,p95_tpot_ms,ms,3,8.596666666666666,8.59,0.13431956631010783,0.0,8.61,8.59,0.01154700538379227
config_search_v1,seq8-bt2048-chunk,L4,p95_ttft_ms,ms,3,3590.52,3589.42,0.09352296298746018,1.5700000000001637,3594.29,3587.85,3.3579606906573556
config_search_v1,seq8-bt2048-chunk,L4,p99_e2el_ms,ms,3,4924.536666666667,4924.03,0.19108875004930376,8.639999999999418,4934.19,4915.39,9.410235562052982
config_search_v1,seq8-bt2048-chunk,L4,p99_itl_ms,ms,3,45.22,45.19,0.2607214976238791,0.07000000000000028,45.35,45.12,0.11789826122551812
config_search_v1,seq8-bt2048-chunk,L4,p99_tpot_ms,ms,3,8.62,8.61,0.20093396839546904,0.0,8.64,8.61,0.01732050807568943
config_search_v1,seq8-bt2048-chunk,L4,p99_ttft_ms,ms,3,3912.786666666667,3911.39,0.2428523971080176,7.329999999999927,3922.91,3904.06,9.502296213722898
config_search_v1,seq8-bt2048-chunk,L4,request_throughput_req_s,requests/s,3,6.916666666666667,6.92,0.08347232807560677,0.0,6.92,6.91,0.005773502691896135
config_search_v1,seq8-bt2048-chunk,L4,successful_requests,,3,256.0,256.0,0.0,0.0,256.0,256.0,0.0
config_search_v1,seq8-bt2048-chunk,L4,throughput_tok_s,tokens/s,3,885.1633333333333,885.41,0.09682384809197356,0.4600000000000364,885.87,884.21,0.8570492012325162
config_search_v1,seq8-bt2048-chunk,L4,total_throughput_tok_s,tokens/s,3,15047.769999999999,15051.96,0.09730189658610967,7.900000000001455,15059.86,15031.49,14.641765603915633
config_search_v1,seq8-bt2048-chunk,L4,tpot_ms,ms,3,8.596666666666666,8.59,0.13431956631010783,0.0,8.61,8.59,0.01154700538379227
config_search_v1,seq8-bt2048-chunk,L4,trial_elapsed_ms,ms,3,52759.259223996196,52730.56899600488,0.11936023606429048,14.829366016783752,52831.46904599562,52715.73962998809,62.97357635553281
config_search_v1,seq8-bt2048-chunk,L4,ttft_ms,ms,3,3590.52,3589.42,0.09352296298746018,1.5700000000001637,3594.29,3587.85,3.3579606906573556
config_search_v1,seq8-bt4096-chunk,L0,avg_power_per_gpu_w,W,1,466.23970844782906,466.23970844782906,0.0,0.0,466.23970844782906,466.23970844782906,0.0
config_search_v1,seq8-bt4096-chunk,L0,avg_power_w,W,1,466.23970844782906,466.23970844782906,0.0,0.0,466.23970844782906,466.23970844782906,0.0
config_search_v1,seq8-bt4096-chunk,L0,capacity_tok_s,tokens/s,1,896.9581888522741,896.9581888522741,0.0,0.0,896.9581888522741,896.9581888522741,0.0
config_search_v1,seq8-bt4096-chunk,L0,duration_s,s,1,36.53236060192408,36.53236060192408,0.0,0.0,36.53236060192408,36.53236060192408,0.0
config_search_v1,seq8-bt4096-chunk,L0,energy_j,J,1,17032.837155952042,17032.837155952042,0.0,0.0,17032.837155952042,17032.837155952042,0.0
config_search_v1,seq8-bt4096-chunk,L0,energy_j_per_1k_output_tokens,J/1k_tokens,1,519.8009385971692,519.8009385971692,0.0,0.0,519.8009385971692,519.8009385971692,0.0
config_search_v1,seq8-bt4096-chunk,L0,energy_j_per_1k_output_tokens_lower,J/1k_tokens,1,242.22723738628082,242.22723738628082,0.0,0.0,242.22723738628082,242.22723738628082,0.0
config_search_v1,seq8-bt4096-chunk,L0,energy_j_per_1k_output_tokens_upper,J/1k_tokens,1,797.3746398080575,797.3746398080575,0.0,0.0,797.3746398080575,797.3746398080575,0.0
config_search_v1,seq8-bt4096-chunk,L0,energy_j_per_1k_tokens,J/1k_tokens,1,519.8009385971692,519.8009385971692,0.0,0.0,519.8009385971692,519.8009385971692,0.0
config_search_v1,seq8-bt4096-chunk,L0,energy_j_per_1k_tokens_lower,J/1k_tokens,1,242.22723738628082,242.22723738628082,0.0,0.0,242.22723738628082,242.22723738628082,0.0
config_search_v1,seq8-bt4096-chunk,L0,energy_j_per_1k_tokens_upper,J/1k_tokens,1,797.3746398080575,797.3746398080575,0.0,0.0,797.3746398080575,797.3746398080575,0.0
config_search_v1,seq8-bt4096-chunk,L0,energy_j_per_1k_total_tokens,J/1k_tokens,1,30.576525799833483,30.576525799833483,0.0,0.0,30.576525799833483,30.576525799833483,0.0
config_search_v1,seq8-bt4096-chunk,L0,estimated_memory_gib,GiB,1,19.104417085647583,19.104417085647583,0.0,0.0,19.104417085647583,19.104417085647583,0.0
config_search_v1,seq8-bt4096-chunk,L0,gpu_energy_j,J,1,17032.837155952042,17032.837155952042,0.0,0.0,17032.837155952042,17032.837155952042,0.0
config_search_v1,seq8-bt4096-chunk,L0,j_per_output_token,J/token,1,0.5198009385971692,0.5198009385971692,0.0,0.0,0.5198009385971692,0.5198009385971692,0.0
config_search_v1,seq8-bt4096-chunk,L0,j_per_total_token,J/token,1,0.030576525799833484,0.030576525799833484,0.0,0.0,0.030576525799833484,0.030576525799833484,0.0
config_search_v1,seq8-bt4096-chunk,L0,relative_uncertainty,,1,0.534,0.534,0.0,0.0,0.534,0.534,0.0
config_search_v1,seq8-bt4096-chunk,L0,request_throughput_req_s,requests/s,1,7.007485850408392,7.007485850408392,0.0,0.0,7.007485850408392,7.007485850408392,0.0
config_search_v1,seq8-bt4096-chunk,L0,throughput_tok_s,tokens/s,1,896.9581888522741,896.9581888522741,0.0,0.0,896.9581888522741,896.9581888522741,0.0
config_search_v1,seq8-bt4096-chunk,L0,throughput_tok_s_lower,,1,417.9825160051597,417.9825160051597,0.0,0.0,417.9825160051597,417.9825160051597,0.0
config_search_v1,seq8-bt4096-chunk,L0,throughput_tok_s_upper,,1,1375.9338616993884,1375.9338616993884,0.0,0.0,1375.9338616993884,1375.9338616993884,0.0
config_search_v1,seq8-bt4096-chunk,L0,total_gpu_power_w,W,1,466.23970844782906,466.23970844782906,0.0,0.0,466.23970844782906,466.23970844782906,0.0
config_search_v1,seq8-bt4096-chunk,L0,tpot_ms,ms,1,8.515864724724658,8.515864724724658,0.0,0.0,8.515864724724658,8.515864724724658,0.0
config_search_v1,seq8-bt4096-chunk,L0,tpot_ms_lower,ms,1,3.9683929617216904,3.9683929617216904,0.0,0.0,3.9683929617216904,3.9683929617216904,0.0
config_search_v1,seq8-bt4096-chunk,L0,tpot_ms_upper,ms,1,13.063336487727625,13.063336487727625,0.0,0.0,13.063336487727625,13.063336487727625,0.0
config_search_v1,seq8-bt4096-chunk,L0,ttft_ms,ms,1,424.6002424206997,424.6002424206997,0.0,0.0,424.6002424206997,424.6002424206997,0.0
config_search_v1,seq8-bt4096-chunk,L0,ttft_ms_lower,ms,1,197.86371296804606,197.86371296804606,0.0,0.0,197.86371296804606,197.86371296804606,0.0
config_search_v1,seq8-bt4096-chunk,L0,ttft_ms_upper,ms,1,651.3367718733534,651.3367718733534,0.0,0.0,651.3367718733534,651.3367718733534,0.0
config_search_v1,seq8-bt4096-chunk,L1,avg_power_w,W,3,547.6680951080667,546.910380179958,0.6726265437519836,2.488271882951153,551.6717968472356,544.4221082970068,3.6837609793577153
config_search_v1,seq8-bt4096-chunk,L1,benchmark_duration_s,s,3,9.323333333333332,9.32,0.1638389594192257,0.009999999999999787,9.34,9.31,0.01527525231651914
config_search_v1,seq8-bt4096-chunk,L1,energy_j,J,3,5143.0036666666665,5131.686,0.663734534927756,15.721999999999753,5181.361,5115.964,34.13589146826744
config_search_v1,seq8-bt4096-chunk,L1,energy_j_per_1k_output_tokens,J/1k_tokens,3,627.8080647786459,626.426513671875,0.6637345349277558,1.919189453125,632.4903564453125,624.50732421875,4.166978938997489
config_search_v1,seq8-bt4096-chunk,L1,energy_j_per_1k_tokens,J/1k_tokens,3,627.8080647786459,626.426513671875,0.6637345349277558,1.919189453125,632.4903564453125,624.50732421875,4.166978938997489
config_search_v1,seq8-bt4096-chunk,L1,energy_j_per_1k_total_tokens,J/1k_tokens,3,36.92988616344976,36.84861845128677,0.6637345349277587,0.11289349724265207,37.205315085018384,36.735724954044116,0.24511640817632396
config_search_v1,seq8-bt4096-chunk,L1,failed_requests,,3,0.0,0.0,,0.0,0.0,0.0,0.0
config_search_v1,seq8-bt4096-chunk,L1,input_tokens,,3,131072.0,131072.0,0.0,0.0,131072.0,131072.0,0.0
config_search_v1,seq8-bt4096-chunk,L1,j_per_output_token,J/token,3,0.6278080647786458,0.626426513671875,0.663734534927756,0.0019191894531249698,0.6324903564453125,0.62450732421875,0.00416697893899749
config_search_v1,seq8-bt4096-chunk,L1,j_per_total_token,J/token,3,0.036929886163449756,0.036848618451286765,0.663734534927757,0.00011289349724264569,0.037205315085018384,0.03673572495404412,0.00024511640817632334
config_search_v1,seq8-bt4096-chunk,L1,mean_e2el_ms,ms,3,3821.61,3822.89,0.1411737172560233,3.3600000000001273,3826.25,3815.69,5.395108896027912
config_search_v1,seq8-bt4096-chunk,L1,mean_itl_ms,ms,3,8.143333333333333,8.14,0.0708985185251265,0.0,8.15,8.14,0.005773502691896135
config_search_v1,seq8-bt4096-chunk,L1,mean_tpot_ms,ms,3,8.143333333333333,8.14,0.0708985185251265,0.0,8.15,8.14,0.005773502691896135
config_search_v1,seq8-bt4096-chunk,L1,mean_ttft_ms,ms,3,2787.47,2789.52,0.19457752684988097,2.050000000000182,2791.57,2781.32,5.423790187682377
config_search_v1,seq8-bt4096-chunk,L1,measurement_window_ms,ms,3,9390.736425998815,9392.107824998675,0.07564216075935797,4.946265995386057,9397.054090994061,9383.047362003708,7.103355943841611
config_search_v1,seq8-bt4096-chunk,L1,output_throughput_tok_s,tokens/s,3,878.6866666666666,878.75,0.12932078376524092,1.0399999999999636,879.79,877.52,1.1363244841740032
config_search_v1,seq8-bt4096-chunk,L1,output_tokens,,3,8192.0,8192.0,0.0,0.0,8192.0,8192.0,0.0
config_search_v1,seq8-bt4096-chunk,L1,p50_e2el_ms,ms,3,4563.993333333333,4562.93,0.057655513676710055,0.8699999999998909,4566.99,4562.06,2.631393800504135
config_search_v1,seq8-bt4096-chunk,L1,p50_itl_ms,ms,3,6.55,6.55,0.0,0.0,6.55,6.55,0.0
config_search_v1,seq8-bt4096-chunk,L1,p50_tpot_ms,ms,3,8.293333333333333,8.29,0.06961619001483714,0.0,8.3,8.29,0.00577350269189716
config_search_v1,seq8-bt4096-chunk,L1,p50_ttft_ms,ms,3,3497.903333333333,3497.73,0.03372278224852554,0.9099999999998545,3499.16,3496.82,1.1795903243639165
config_search_v1,seq8-bt4096-chunk,L1,p95_e2el_ms,ms,3,4835.81,4839.52,0.24920737087471226,6.049999999999272,4845.57,4822.34,12.051194961496424
config_search_v1,seq8-bt4096-chunk,L1,p95_itl_ms,ms,3,10.14,11.01,18.20294840581002,0.3800000000000008,11.39,8.02,1.8457789683491361
config_search_v1,seq8-bt4096-chunk,L1,p95_tpot_ms,ms,3,8.65,8.65,0.11560693641618251,0.009999999999999787,8.66,8.64,0.009999999999999787
config_search_v1,seq8-bt4096-chunk,L1,p95_ttft_ms,ms,3,3778.9266666666663,3781.98,0.31638812337160616,7.079999999999927,3789.06,3765.74,11.956075164255857
config_search_v1,seq8-bt4096-chunk,L1,p99_e2el_ms,ms,3,4931.25,4932.73,0.25864768342825045,10.470000000000255,4943.2,4917.82,12.7545638890556
config_search_v1,seq8-bt4096-chunk,L1,p99_itl_ms,ms,3,44.93666666666667,44.99,0.34926956062588027,0.07000000000000028,45.06,44.76,0.15695009822658307
config_search_v1,seq8-bt4096-chunk,L1,p99_tpot_ms,ms,3,8.673333333333334,8.68,0.13313226806831976,0.0,8.68,8.66,0.01154700538379227
config_search_v1,seq8-bt4096-chunk,L1,p99_ttft_ms,ms,3,3917.1733333333336,3919.3,0.23301853133914022,5.75,3925.05,3907.17,9.127739771341776
config_search_v1,seq8-bt4096-chunk,L1,request_throughput_req_s,requests/s,3,6.866666666666667,6.87,0.08408013628974953,0.0,6.87,6.86,0.005773502691896135
config_search_v1,seq8-bt4096-chunk,L1,successful_requests,,3,64.0,64.0,0.0,0.0,64.0,64.0,0.0
config_search_v1,seq8-bt4096-chunk,L1,throughput_tok_s,tokens/s,3,878.6866666666666,878.75,0.12932078376524092,1.0399999999999636,879.79,877.52,1.1363244841740032
config_search_v1,seq8-bt4096-chunk,L1,total_throughput_tok_s,tokens/s,3,14937.693333333335,14938.76,0.12935125928258295,17.69999999999891,14956.46,14917.86,19.322094434437112
config_search_v1,seq8-bt4096-chunk,L1,tpot_ms,ms,3,8.65,8.65,0.11560693641618251,0.009999999999999787,8.66,8.64,0.009999999999999787
config_search_v1,seq8-bt4096-chunk,L1,trial_elapsed_ms,ms,3,22360.50682399461,22413.795349988504,0.5119264507104455,24.821598010021262,22438.616947998526,22229.108173996792,114.46934894494257
config_search_v1,seq8-bt4096-chunk,L1,ttft_ms,ms,3,3778.9266666666663,3781.98,0.31638812337160616,7.079999999999927,3789.06,3765.74,11.956075164255857
config_search_v1,seq8-bt4096-chunk,L4,avg_power_w,W,3,547.9863029175825,547.849347646786,0.20327598742595115,0.9021592498008886,549.1623727089764,546.9471883969851,1.1139245682146797
config_search_v1,seq8-bt4096-chunk,L4,benchmark_duration_s,s,3,36.86333333333334,36.92,0.36428677237514623,0.03999999999999915,36.96,36.71,0.1342882471898914
config_search_v1,seq8-bt4096-chunk,L4,energy_j,J,3,20235.040333333334,20248.211,0.17029136931897562,12.760000000002037,20260.971,20195.939,34.45852726588034
config_search_v1,seq8-bt4096-chunk,L4,energy_j_per_1k_output_tokens,J/1k_tokens,3,617.524424235026,617.9263610839844,0.1702913693189695,0.389404296875,618.3157653808594,616.3311462402344,1.051590797908908
config_search_v1,seq8-bt4096-chunk,L4,energy_j_per_1k_tokens,J/1k_tokens,3,617.524424235026,617.9263610839844,0.1702913693189695,0.389404296875,618.3157653808594,616.3311462402344,1.051590797908908
config_search_v1,seq8-bt4096-chunk,L4,energy_j_per_1k_total_tokens,J/1k_tokens,3,36.32496613147212,36.34860947552849,0.17029136931897448,0.022906135110297043,36.37151561063879,36.25477330824908,0.06185828222993758
config_search_v1,seq8-bt4096-chunk,L4,failed_requests,,3,0.0,0.0,,0.0,0.0,0.0,0.0
config_search_v1,seq8-bt4096-chunk,L4,input_tokens,,3,524288.0,524288.0,0.0,0.0,524288.0,524288.0,0.0
config_search_v1,seq8-bt4096-chunk,L4,j_per_output_token,J/token,3,0.6175244242350261,0.6179263610839844,0.17029136931897562,0.00038940429687506217,0.6183157653808594,0.6163311462402343,0.001051590797908946
config_search_v1,seq8-bt4096-chunk,L4,j_per_total_token,J/token,3,0.03632496613147212,0.03634860947552849,0.17029136931897773,2.290613511030104e-05,0.03637151561063879,0.036254773308249076,6.185828222993876e-05
config_search_v1,seq8-bt4096-chunk,L4,mean_e2el_ms,ms,3,4377.78,4378.53,0.05163191923864556,1.0399999999999636,4379.57,4375.24,2.2603318340455774
config_search_v1,seq8-bt4096-chunk,L4,mean_itl_ms,ms,3,8.323333333333332,8.33,0.13873054125501327,0.0,8.33,8.31,0.01154700538379227
config_search_v1,seq8-bt4096-chunk,L4,mean_tpot_ms,ms,3,8.323333333333332,8.33,0.13873054125501327,0.0,8.33,8.31,0.01154700538379227
config_search_v1,seq8-bt4096-chunk,L4,mean_ttft_ms,ms,3,3320.75,3321.84,0.07948699414275823,0.8299999999999272,3322.67,3317.74,2.639564357995644
config_search_v1,seq8-bt4096-chunk,L4,measurement_window_ms,ms,3,36926.35082633448,36982.74185600167,0.3565232364534892,37.671502999728546,37020.413359001395,36775.89726400038,131.65102107021744
config_search_v1,seq8-bt4096-chunk,L4,output_throughput_tok_s,tokens/s,3,888.9900000000001,887.58,0.36382438263674904,0.8799999999999955,892.69,886.7,3.2343623792024356
config_search_v1,seq8-bt4096-chunk,L4,output_tokens,,3,32768.0,32768.0,0.0,0.0,32768.0,32768.0,0.0
config_search_v1,seq8-bt4096-chunk,L4,p50_e2el_ms,ms,3,4557.52,4558.42,0.04163387110596309,0.38000000000010914,4558.8,4555.34,1.8974720024284892
config_search_v1,seq8-bt4096-chunk,L4,p50_itl_ms,ms,3,6.55,6.55,0.0,0.0,6.55,6.55,0.0
config_search_v1,seq8-bt4096-chunk,L4,p50_tpot_ms,ms,3,8.31,8.31,0.0,0.0,8.31,8.31,0.0
config_search_v1,seq8-bt4096-chunk,L4,p50_ttft_ms,ms,3,3501.556666666667,3502.32,0.04408632516743889,0.25,3502.57,3499.78,1.543707657988801
config_search_v1,seq8-bt4096-chunk,L4,p95_e2el_ms,ms,3,4624.5199999999995,4624.57,0.0835814863777812,3.7899999999999636,4628.36,4620.63,3.865242553837767
config_search_v1,seq8-bt4096-chunk,L4,p95_itl_ms,ms,3,12.713333333333333,12.68,1.1243723986571326,0.08999999999999986,12.87,12.59,0.14294521094927679
config_search_v1,seq8-bt4096-chunk,L4,p95_tpot_ms,ms,3,8.606666666666667,8.61,0.06708175087408366,0.0,8.61,8.6,0.005773502691896135
config_search_v1,seq8-bt4096-chunk,L4,p95_ttft_ms,ms,3,3568.2833333333333,3568.35,0.04486867152186955,1.5,3569.85,3566.65,1.601041327802951
config_search_v1,seq8-bt4096-chunk,L4,p99_e2el_ms,ms,3,4879.256666666667,4879.92,0.2586066781488045,11.609999999999673,4891.53,4866.32,12.618083584020754
config_search_v1,seq8-bt4096-chunk,L4,p99_itl_ms,ms,3,44.629999999999995,44.62,0.3702153628021112,0.14999999999999858,44.8,44.47,0.16522711641858223
config_search_v1,seq8-bt4096-chunk,L4,p99_tpot_ms,ms,3,8.673333333333334,8.68,0.13313226806831976,0.0,8.68,8.66,0.01154700538379227
config_search_v1,seq8-bt4096-chunk,L4,p99_ttft_ms,ms,3,3843.5433333333335,3846.08,0.31420202372941075,8.070000000000164,3854.15,3830.4,12.076490936250186
config_search_v1,seq8-bt4096-chunk,L4,request_throughput_req_s,requests/s,3,6.9433333333333325,6.93,0.3326069721687718,0.0,6.97,6.93,0.023094010767585053
config_search_v1,seq8-bt4096-chunk,L4,successful_requests,,3,256.0,256.0,0.0,0.0,256.0,256.0,0.0
config_search_v1,seq8-bt4096-chunk,L4,throughput_tok_s,tokens/s,3,888.9900000000001,887.58,0.36382438263674904,0.8799999999999955,892.69,886.7,3.2343623792024356
config_search_v1,seq8-bt4096-chunk,L4,total_throughput_tok_s,tokens/s,3,15112.813333333334,15088.78,0.3640538328335678,14.880000000001019,15175.76,15073.9,55.01877618898248
config_search_v1,seq8-bt4096-chunk,L4,tpot_ms,ms,3,8.606666666666667,8.61,0.06708175087408366,0.0,8.61,8.6,0.005773502691896135
config_search_v1,seq8-bt4096-chunk,L4,trial_elapsed_ms,ms,3,52381.70825366493,52413.176169997314,0.23280742188691522,71.66260899975896,52484.83877899707,52247.10981200042,121.94850452568282
config_search_v1,seq8-bt4096-chunk,L4,ttft_ms,ms,3,3568.2833333333333,3568.35,0.04486867152186955,1.5,3569.85,3566.65,1.601041327802951
config_search_v1,seq8-bt4096-nochunk,L0,avg_power_per_gpu_w,W,1,466.23970844782906,466.23970844782906,0.0,0.0,466.23970844782906,466.23970844782906,0.0
config_search_v1,seq8-bt4096-nochunk,L0,avg_power_w,W,1,466.23970844782906,466.23970844782906,0.0,0.0,466.23970844782906,466.23970844782906,0.0
config_search_v1,seq8-bt4096-nochunk,L0,capacity_tok_s,tokens/s,1,896.9581888522741,896.9581888522741,0.0,0.0,896.9581888522741,896.9581888522741,0.0
config_search_v1,seq8-bt4096-nochunk,L0,duration_s,s,1,36.53236060192408,36.53236060192408,0.0,0.0,36.53236060192408,36.53236060192408,0.0
config_search_v1,seq8-bt4096-nochunk,L0,energy_j,J,1,17032.837155952042,17032.837155952042,0.0,0.0,17032.837155952042,17032.837155952042,0.0
config_search_v1,seq8-bt4096-nochunk,L0,energy_j_per_1k_output_tokens,J/1k_tokens,1,519.8009385971692,519.8009385971692,0.0,0.0,519.8009385971692,519.8009385971692,0.0
config_search_v1,seq8-bt4096-nochunk,L0,energy_j_per_1k_output_tokens_lower,J/1k_tokens,1,236.7693275310106,236.7693275310106,0.0,0.0,236.7693275310106,236.7693275310106,0.0
config_search_v1,seq8-bt4096-nochunk,L0,energy_j_per_1k_output_tokens_upper,J/1k_tokens,1,802.8325496633278,802.8325496633278,0.0,0.0,802.8325496633278,802.8325496633278,0.0
config_search_v1,seq8-bt4096-nochunk,L0,energy_j_per_1k_tokens,J/1k_tokens,1,519.8009385971692,519.8009385971692,0.0,0.0,519.8009385971692,519.8009385971692,0.0
config_search_v1,seq8-bt4096-nochunk,L0,energy_j_per_1k_tokens_lower,J/1k_tokens,1,236.7693275310106,236.7693275310106,0.0,0.0,236.7693275310106,236.7693275310106,0.0
config_search_v1,seq8-bt4096-nochunk,L0,energy_j_per_1k_tokens_upper,J/1k_tokens,1,802.8325496633278,802.8325496633278,0.0,0.0,802.8325496633278,802.8325496633278,0.0
config_search_v1,seq8-bt4096-nochunk,L0,energy_j_per_1k_total_tokens,J/1k_tokens,1,30.576525799833483,30.576525799833483,0.0,0.0,30.576525799833483,30.576525799833483,0.0
config_search_v1,seq8-bt4096-nochunk,L0,estimated_memory_gib,GiB,1,19.104417085647583,19.104417085647583,0.0,0.0,19.104417085647583,19.104417085647583,0.0
config_search_v1,seq8-bt4096-nochunk,L0,gpu_energy_j,J,1,17032.837155952042,17032.837155952042,0.0,0.0,17032.837155952042,17032.837155952042,0.0
config_search_v1,seq8-bt4096-nochunk,L0,j_per_output_token,J/token,1,0.5198009385971692,0.5198009385971692,0.0,0.0,0.5198009385971692,0.5198009385971692,0.0
config_search_v1,seq8-bt4096-nochunk,L0,j_per_total_token,J/token,1,0.030576525799833484,0.030576525799833484,0.0,0.0,0.030576525799833484,0.030576525799833484,0.0
config_search_v1,seq8-bt4096-nochunk,L0,relative_uncertainty,,1,0.5445,0.5445,0.0,0.0,0.5445,0.5445,0.0
config_search_v1,seq8-bt4096-nochunk,L0,request_throughput_req_s,requests/s,1,7.007485850408392,7.007485850408392,0.0,0.0,7.007485850408392,7.007485850408392,0.0
config_search_v1,seq8-bt4096-nochunk,L0,throughput_tok_s,tokens/s,1,896.9581888522741,896.9581888522741,0.0,0.0,896.9581888522741,896.9581888522741,0.0
config_search_v1,seq8-bt4096-nochunk,L0,throughput_tok_s_lower,,1,408.5644550222109,408.5644550222109,0.0,0.0,408.5644550222109,408.5644550222109,0.0
config_search_v1,seq8-bt4096-nochunk,L0,throughput_tok_s_upper,,1,1385.3519226823373,1385.3519226823373,0.0,0.0,1385.3519226823373,1385.3519226823373,0.0
config_search_v1,seq8-bt4096-nochunk,L0,total_gpu_power_w,W,1,466.23970844782906,466.23970844782906,0.0,0.0,466.23970844782906,466.23970844782906,0.0
config_search_v1,seq8-bt4096-nochunk,L0,tpot_ms,ms,1,8.515864724724658,8.515864724724658,0.0,0.0,8.515864724724658,8.515864724724658,0.0
config_search_v1,seq8-bt4096-nochunk,L0,tpot_ms_lower,ms,1,3.8789763821120817,3.8789763821120817,0.0,0.0,3.8789763821120817,3.8789763821120817,0.0
config_search_v1,seq8-bt4096-nochunk,L0,tpot_ms_upper,ms,1,13.152753067337233,13.152753067337233,0.0,0.0,13.152753067337233,13.152753067337233,0.0
config_search_v1,seq8-bt4096-nochunk,L0,ttft_ms,ms,1,485.2574199093711,485.2574199093711,0.0,0.0,485.2574199093711,485.2574199093711,0.0
config_search_v1,seq8-bt4096-nochunk,L0,ttft_ms_lower,ms,1,221.03475476871853,221.03475476871853,0.0,0.0,221.03475476871853,221.03475476871853,0.0
config_search_v1,seq8-bt4096-nochunk,L0,ttft_ms_upper,ms,1,749.4800850500236,749.4800850500236,0.0,0.0,749.4800850500236,749.4800850500236,0.0
config_search_v1,seq8-bt4096-nochunk,L1,avg_power_w,W,3,543.8814616017772,545.2676562526195,0.6247824025184109,1.0996648497350634,546.3673211023546,540.0094074503578,3.398075662647832
config_search_v1,seq8-bt4096-nochunk,L1,benchmark_duration_s,s,3,9.283333333333333,9.28,0.062192129535685474,0.0,9.29,9.28,0.005773502691896135
config_search_v1,seq8-bt4096-nochunk,L1,energy_j,J,3,5092.881333333334,5111.11,0.6839484261998219,3.7070000000003347,5114.817,5052.717,34.83268172755784
config_search_v1,seq8-bt4096-nochunk,L1,energy_j_per_1k_output_tokens,J/1k_tokens,3,621.6896158854166,623.914794921875,0.6839484261998197,0.4525146484375,624.3673095703125,616.7867431640625,4.252036343696011
config_search_v1,seq8-bt4096-nochunk,L1,energy_j_per_1k_tokens,J/1k_tokens,3,621.6896158854166,623.914794921875,0.6839484261998197,0.4525146484375,624.3673095703125,616.7867431640625,4.252036343696011
config_search_v1,seq8-bt4096-nochunk,L1,energy_j_per_1k_total_tokens,J/1k_tokens,3,36.56997740502451,36.70087028952206,0.6839484261998122,0.026618508731615975,36.727488798253674,36.2815731272978,0.25011978492329207
config_search_v1,seq8-bt4096-nochunk,L1,failed_requests,,3,0.0,0.0,,0.0,0.0,0.0,0.0
config_search_v1,seq8-bt4096-nochunk,L1,input_tokens,,3,131072.0,131072.0,0.0,0.0,131072.0,131072.0,0.0
config_search_v1,seq8-bt4096-nochunk,L1,j_per_output_token,J/token,3,0.6216896158854167,0.623914794921875,0.6839484261998219,0.00045251464843754086,0.6243673095703125,0.6167867431640625,0.0042520363436960255
config_search_v1,seq8-bt4096-nochunk,L1,j_per_total_token,J/token,3,0.03656997740502451,0.036700870289522056,0.6839484261998141,2.6618508731618418e-05,0.036727488798253674,0.036281573127297795,0.00025011978492329274
config_search_v1,seq8-bt4096-nochunk,L1,mean_e2el_ms,ms,3,3799.6766666666663,3798.95,0.08376592131428844,2.0299999999997453,3803.16,3796.92,3.1828341667973774
config_search_v1,seq8-bt4096-nochunk,L1,mean_itl_ms,ms,3,8.27,8.27,0.12091898428052948,0.009999999999999787,8.28,8.26,0.009999999999999787
config_search_v1,seq8-bt4096-nochunk,L1,mean_tpot_ms,ms,3,8.27,8.27,0.12091898428052948,0.009999999999999787,8.28,8.26,0.009999999999999787
config_search_v1,seq8-bt4096-nochunk,L1,mean_ttft_ms,ms,3,2749.633333333333,2750.27,0.09968702934104082,1.7300000000000182,2752.0,2746.63,2.7410277877710385
config_search_v1,seq8-bt4096-nochunk,L1,measurement_window_ms,ms,3,9363.93759266745,9356.7203279963,0.15243097719498602,2.006378985242918,9380.378500994993,9354.713949011057,14.273541576431644
config_search_v1,seq8-bt4096-nochunk,L1,output_throughput_tok_s,tokens/s,3,882.65,882.96,0.0801998721255498,0.18999999999994088,883.15,881.84,0.7078841713161653
config_search_v1,seq8-bt4096-nochunk,L1,output_tokens,,3,8192.0,8192.0,0.0,0.0,8192.0,8192.0,0.0
config_search_v1,seq8-bt4096-nochunk,L1,p50_e2el_ms,ms,3,4558.81,4557.13,0.10207268792445671,1.9000000000005457,4564.07,4555.23,4.653299904368925
config_search_v1,seq8-bt4096-nochunk,L1,p50_itl_ms,ms,3,6.563333333333333,6.56,0.08796601358908046,0.0,6.57,6.56,0.005773502691896647
config_search_v1,seq8-bt4096-nochunk,L1,p50_tpot_ms,ms,3,8.306666666666667,8.31,0.06950444653165491,0.0,8.31,8.3,0.005773502691896135
config_search_v1,seq8-bt4096-nochunk,L1,p50_ttft_ms,ms,3,3483.2533333333336,3482.02,0.06307599128476087,0.07000000000016371,3485.79,3481.95,2.1970965689594757
config_search_v1,seq8-bt4096-nochunk,L1,p95_e2el_ms,ms,3,4792.849999999999,4794.63,0.09432653031178719,1.5799999999999272,4796.21,4787.71,4.520929108048492
config_search_v1,seq8-bt4096-nochunk,L1,p95_itl_ms,ms,3,12.453333333333333,12.56,2.5974632856441437,0.15000000000000036,12.71,12.09,0.32347076117221735
config_search_v1,seq8-bt4096-nochunk,L1,p95_tpot_ms,ms,3,8.603333333333333,8.6,0.1775503950002225,0.009999999999999787,8.62,8.59,0.01527525231651914
config_search_v1,seq8-bt4096-nochunk,L1,p95_ttft_ms,ms,3,3740.7999999999997,3742.11,0.1291200872007389,2.730000000000018,3744.84,3735.45,4.8301242220052405
config_search_v1,seq8-bt4096-nochunk,L1,p99_e2el_ms,ms,3,4905.3,4908.22,0.12137341086852585,1.0099999999993088,4909.23,4898.45,5.953729923333799
config_search_v1,seq8-bt4096-nochunk,L1,p99_itl_ms,ms,3,44.26333333333333,44.4,0.8240169028267328,0.14000000000000057,44.54,43.85,0.36473734842120614
config_search_v1,seq8-bt4096-nochunk,L1,p99_tpot_ms,ms,3,8.61,8.61,0.1161440185830405,0.009999999999999787,8.62,8.6,0.009999999999999787
config_search_v1,seq8-bt4096-nochunk,L1,p99_ttft_ms,ms,3,3851.773333333333,3854.13,0.11462372942394373,0.38000000000010914,3854.51,3846.68,4.415046243623618
config_search_v1,seq8-bt4096-nochunk,L1,request_throughput_req_s,requests/s,3,6.896666666666667,6.9,0.08371439379260484,0.0,6.9,6.89,0.005773502691896647
config_search_v1,seq8-bt4096-nochunk,L1,successful_requests,,3,64.0,64.0,0.0,0.0,64.0,64.0,0.0
config_search_v1,seq8-bt4096-nochunk,L1,throughput_tok_s,tokens/s,3,882.65,882.96,0.0801998721255498,0.18999999999994088,883.15,881.84,0.7078841713161653
config_search_v1,seq8-bt4096-nochunk,L1,total_throughput_tok_s,tokens/s,3,15005.043333333335,15010.24,0.0801639397224587,3.360000000000582,15013.6,14991.29,12.02863389306214
config_search_v1,seq8-bt4096-nochunk,L1,tpot_ms,ms,3,8.603333333333333,8.6,0.1775503950002225,0.009999999999999787,8.62,8.59,0.01527525231651914
config_search_v1,seq8-bt4096-nochunk,L1,trial_elapsed_ms,ms,3,22366.446269661537,22375.13537199993,0.10303826132185287,8.749197993893176,22383.884569993825,22340.318866990856,23.04599735574567
config_search_v1,seq8-bt4096-nochunk,L1,ttft_ms,ms,3,3740.7999999999997,3742.11,0.1291200872007389,2.730000000000018,3744.84,3735.45,4.8301242220052405
config_search_v1,seq8-bt4096-nochunk,L4,avg_power_w,W,3,547.9514094770603,547.958172906183,0.31523532326182174,1.7171813223787922,549.6753542285618,546.2207012964361,1.7273363969827196
config_search_v1,seq8-bt4096-nochunk,L4,benchmark_duration_s,s,3,36.806666666666665,36.74,0.436680436560091,0.05000000000000426,36.99,36.69,0.16072751268321747
config_search_v1,seq8-bt4096-nochunk,L4,energy_j,J,3,20207.702999999998,20208.1,0.1789967619267549,35.574000000000524,20243.674,20171.335,36.1711340297757
config_search_v1,seq8-bt4096-nochunk,L4,energy_j_per_1k_output_tokens,J/1k_tokens,3,616.6901550292969,616.7022705078125,0.17899676192675504,1.08563232421875,617.7879028320312,615.5802917480469,1.103855408623527
config_search_v1,seq8-bt4096-nochunk,L4,energy_j_per_1k_tokens,J/1k_tokens,3,616.6901550292969,616.7022705078125,0.17899676192675504,1.08563232421875,617.7879028320312,615.5802917480469,1.103855408623527
config_search_v1,seq8-bt4096-nochunk,L4,energy_j_per_1k_total_tokens,J/1k_tokens,3,36.27589147231158,36.276604147518384,0.1789967619267528,0.06386072495403994,36.340464872472424,36.21060539694393,0.06493267109550077
config_search_v1,seq8-bt4096-nochunk,L4,failed_requests,,3,0.0,0.0,,0.0,0.0,0.0,0.0
config_search_v1,seq8-bt4096-nochunk,L4,input_tokens,,3,524288.0,524288.0,0.0,0.0,524288.0,524288.0,0.0
config_search_v1,seq8-bt4096-nochunk,L4,j_per_output_token,J/token,3,0.6166901550292968,0.6167022705078125,0.1789967619267549,0.001085632324218766,0.6177879028320312,0.6155802917480468,0.001103855408623526
config_search_v1,seq8-bt4096-nochunk,L4,j_per_total_token,J/token,3,0.036275891472311576,0.036276604147518376,0.17899676192675767,6.38607249540471e-05,0.036340464872472424,0.03621060539694393,6.493267109550254e-05
config_search_v1,seq8-bt4096-nochunk,L4,mean_e2el_ms,ms,3,4379.923333333333,4381.52,0.08943470696956143,1.269999999999527,4382.79,4375.46,3.917171598658114
config_search_v1,seq8-bt4096-nochunk,L4,mean_itl_ms,ms,3,8.356666666666667,8.35,0.24910243312319755,0.009999999999999787,8.38,8.34,0.02081665999466188
config_search_v1,seq8-bt4096-nochunk,L4,mean_tpot_ms,ms,3,8.356666666666667,8.35,0.24910243312319755,0.009999999999999787,8.38,8.34,0.02081665999466188
config_search_v1,seq8-bt4096-nochunk,L4,mean_ttft_ms,ms,3,3318.5400000000004,3319.11,0.06867781312979386,1.3699999999998909,3320.48,3316.03,2.2791006998374614
config_search_v1,seq8-bt4096-nochunk,L4,measurement_window_ms,ms,3,36878.9535973386,36811.81520300743,0.43324804244983184,48.114876000909135,37061.34526200185,36763.70032700652,159.77734453645132
config_search_v1,seq8-bt4096-nochunk,L4,output_throughput_tok_s,tokens/s,3,890.2199999999999,891.81,0.4334915386221802,1.2200000000000273,893.03,885.82,3.859028375122372
config_search_v1,seq8-bt4096-nochunk,L4,output_tokens,,3,32768.0,32768.0,0.0,0.0,32768.0,32768.0,0.0
config_search_v1,seq8-bt4096-nochunk,L4,p50_e2el_ms,ms,3,4563.276666666667,4565.08,0.09155426166976234,1.1700000000000728,4566.25,4558.5,4.177874260115209
config_search_v1,seq8-bt4096-nochunk,L4,p50_itl_ms,ms,3,6.566666666666666,6.57,0.08792136079030428,0.0,6.57,6.56,0.005773502691896647
config_search_v1,seq8-bt4096-nochunk,L4,p50_tpot_ms,ms,3,8.32,8.32,0.12019230769230511,0.009999999999999787,8.33,8.31,0.009999999999999787
config_search_v1,seq8-bt4096-nochunk,L4,p50_ttft_ms,ms,3,3505.523333333333,3507.2,0.09597614842957496,0.5199999999999818,3507.72,3501.65,3.3644662776333836
config_search_v1,seq8-bt4096-nochunk,L4,p95_e2el_ms,ms,3,4572.006666666667,4574.17,0.09061292880981914,0.4499999999998181,4574.62,4567.23,4.142829146046852
config_search_v1,seq8-bt4096-nochunk,L4,p95_itl_ms,ms,3,13.443333333333333,13.22,3.677674155821801,0.120000000000001,14.01,13.1,0.4944019956809774
config_search_v1,seq8-bt4096-nochunk,L4,p95_tpot_ms,ms,3,8.606666666666667,8.61,0.06708175087408366,0.0,8.61,8.6,0.005773502691896135
config_search_v1,seq8-bt4096-nochunk,L4,p95_ttft_ms,ms,3,3518.0,3519.24,0.09110988346817567,1.1600000000003092,3520.4,3514.36,3.20524570041042
config_search_v1,seq8-bt4096-nochunk,L4,p99_e2el_ms,ms,3,4873.4800000000005,4874.76,0.17182171494600113,6.380000000000109,4881.14,4864.54,8.373696913550377
config_search_v1,seq8-bt4096-nochunk,L4,p99_itl_ms,ms,3,44.79666666666666,44.83,0.16902770580549886,0.020000000000003126,44.85,44.71,0.0757187779440033
config_search_v1,seq8-bt4096-nochunk,L4,p99_tpot_ms,ms,3,8.62,8.62,0.11600928074246725,0.009999999999999787,8.63,8.61,0.010000000000000675
config_search_v1,seq8-bt4096-nochunk,L4,p99_ttft_ms,ms,3,3821.2400000000002,3825.33,0.2185981796039619,1.430000000000291,3826.76,3811.63,8.353161078298434
config_search_v1,seq8-bt4096-nochunk,L4,request_throughput_req_s,requests/s,3,6.956666666666667,6.97,0.46208197225649245,0.010000000000000675,6.98,6.92,0.032145502536643326
config_search_v1,seq8-bt4096-nochunk,L4,successful_requests,,3,256.0,256.0,0.0,0.0,256.0,256.0,0.0
config_search_v1,seq8-bt4096-nochunk,L4,throughput_tok_s,tokens/s,3,890.2199999999999,891.81,0.4334915386221802,1.2200000000000273,893.03,885.82,3.859028375122372
config_search_v1,seq8-bt4096-nochunk,L4,total_throughput_tok_s,tokens/s,3,15133.68,15160.74,0.43352368461568713,20.69000000000051,15181.43,15058.87,65.60808715394732
config_search_v1,seq8-bt4096-nochunk,L4,tpot_ms,ms,3,8.606666666666667,8.61,0.06708175087408366,0.0,8.61,8.6,0.005773502691896135
config_search_v1,seq8-bt4096-nochunk,L4,trial_elapsed_ms,ms,3,52522.22767967032,52535.58109499863,0.09283927152316372,27.33995800372213,52562.921053002356,52468.18089100998,48.761253565543385
config_search_v1,seq8-bt4096-nochunk,L4,ttft_ms,ms,3,3518.0,3519.24,0.09110988346817567,1.1600000000003092,3520.4,3514.36,3.20524570041042
config_search_v1,seq8-bt8192-chunk,L0,avg_power_per_gpu_w,W,1,466.23970844782906,466.23970844782906,0.0,0.0,466.23970844782906,466.23970844782906,0.0
config_search_v1,seq8-bt8192-chunk,L0,avg_power_w,W,1,466.23970844782906,466.23970844782906,0.0,0.0,466.23970844782906,466.23970844782906,0.0
config_search_v1,seq8-bt8192-chunk,L0,capacity_tok_s,tokens/s,1,896.9581888522741,896.9581888522741,0.0,0.0,896.9581888522741,896.9581888522741,0.0
config_search_v1,seq8-bt8192-chunk,L0,duration_s,s,1,36.53236060192408,36.53236060192408,0.0,0.0,36.53236060192408,36.53236060192408,0.0
config_search_v1,seq8-bt8192-chunk,L0,energy_j,J,1,17032.837155952042,17032.837155952042,0.0,0.0,17032.837155952042,17032.837155952042,0.0
config_search_v1,seq8-bt8192-chunk,L0,energy_j_per_1k_output_tokens,J/1k_tokens,1,519.8009385971692,519.8009385971692,0.0,0.0,519.8009385971692,519.8009385971692,0.0
config_search_v1,seq8-bt8192-chunk,L0,energy_j_per_1k_output_tokens_lower,J/1k_tokens,1,245.86584395646102,245.86584395646102,0.0,0.0,245.86584395646102,245.86584395646102,0.0
config_search_v1,seq8-bt8192-chunk,L0,energy_j_per_1k_output_tokens_upper,J/1k_tokens,1,793.7360332378775,793.7360332378775,0.0,0.0,793.7360332378775,793.7360332378775,0.0
config_search_v1,seq8-bt8192-chunk,L0,energy_j_per_1k_tokens,J/1k_tokens,1,519.8009385971692,519.8009385971692,0.0,0.0,519.8009385971692,519.8009385971692,0.0
config_search_v1,seq8-bt8192-chunk,L0,energy_j_per_1k_tokens_lower,J/1k_tokens,1,245.86584395646102,245.86584395646102,0.0,0.0,245.86584395646102,245.86584395646102,0.0
config_search_v1,seq8-bt8192-chunk,L0,energy_j_per_1k_tokens_upper,J/1k_tokens,1,793.7360332378775,793.7360332378775,0.0,0.0,793.7360332378775,793.7360332378775,0.0
config_search_v1,seq8-bt8192-chunk,L0,energy_j_per_1k_total_tokens,J/1k_tokens,1,30.576525799833483,30.576525799833483,0.0,0.0,30.576525799833483,30.576525799833483,0.0
config_search_v1,seq8-bt8192-chunk,L0,estimated_memory_gib,GiB,1,19.104417085647583,19.104417085647583,0.0,0.0,19.104417085647583,19.104417085647583,0.0
config_search_v1,seq8-bt8192-chunk,L0,gpu_energy_j,J,1,17032.837155952042,17032.837155952042,0.0,0.0,17032.837155952042,17032.837155952042,0.0
config_search_v1,seq8-bt8192-chunk,L0,j_per_output_token,J/token,1,0.5198009385971692,0.5198009385971692,0.0,0.0,0.5198009385971692,0.5198009385971692,0.0
config_search_v1,seq8-bt8192-chunk,L0,j_per_total_token,J/token,1,0.030576525799833484,0.030576525799833484,0.0,0.0,0.030576525799833484,0.030576525799833484,0.0
config_search_v1,seq8-bt8192-chunk,L0,relative_uncertainty,,1,0.527,0.527,0.0,0.0,0.527,0.527,0.0
config_search_v1,seq8-bt8192-chunk,L0,request_throughput_req_s,requests/s,1,7.007485850408392,7.007485850408392,0.0,0.0,7.007485850408392,7.007485850408392,0.0
config_search_v1,seq8-bt8192-chunk,L0,throughput_tok_s,tokens/s,1,896.9581888522741,896.9581888522741,0.0,0.0,896.9581888522741,896.9581888522741,0.0
config_search_v1,seq8-bt8192-chunk,L0,throughput_tok_s_lower,,1,424.26122332712566,424.26122332712566,0.0,0.0,424.26122332712566,424.26122332712566,0.0
config_search_v1,seq8-bt8192-chunk,L0,throughput_tok_s_upper,,1,1369.6551543774228,1369.6551543774228,0.0,0.0,1369.6551543774228,1369.6551543774228,0.0
config_search_v1,seq8-bt8192-chunk,L0,total_gpu_power_w,W,1,466.23970844782906,466.23970844782906,0.0,0.0,466.23970844782906,466.23970844782906,0.0
config_search_v1,seq8-bt8192-chunk,L0,tpot_ms,ms,1,8.515864724724658,8.515864724724658,0.0,0.0,8.515864724724658,8.515864724724658,0.0
config_search_v1,seq8-bt8192-chunk,L0,tpot_ms_lower,ms,1,4.028004014794763,4.028004014794763,0.0,0.0,4.028004014794763,4.028004014794763,0.0
config_search_v1,seq8-bt8192-chunk,L0,tpot_ms_upper,ms,1,13.003725434654553,13.003725434654553,0.0,0.0,13.003725434654553,13.003725434654553,0.0
config_search_v1,seq8-bt8192-chunk,L0,ttft_ms,ms,1,394.271653676364,394.271653676364,0.0,0.0,394.271653676364,394.271653676364,0.0
config_search_v1,seq8-bt8192-chunk,L0,ttft_ms_lower,ms,1,186.49049218892017,186.49049218892017,0.0,0.0,186.49049218892017,186.49049218892017,0.0
config_search_v1,seq8-bt8192-chunk,L0,ttft_ms_upper,ms,1,602.0528151638078,602.0528151638078,0.0,0.0,602.0528151638078,602.0528151638078,0.0
config_search_v1,seq8-bt8192-chunk,L1,avg_power_w,W,3,536.4396765688608,535.0907278891036,0.6867307596689302,1.4703349561943924,540.6079088845697,533.6203929329092,3.68389626606689
config_search_v1,seq8-bt8192-chunk,L1,benchmark_duration_s,s,3,9.416666666666666,9.42,0.1622150688479909,0.009999999999999787,9.43,9.4,0.01527525231651914
config_search_v1,seq8-bt8192-chunk,L1,energy_j,J,3,5085.858,5076.193,0.8048283843132106,25.57000000000062,5130.758,5050.623,40.93242876986417
config_search_v1,seq8-bt8192-chunk,L1,energy_j_per_1k_output_tokens,J/1k_tokens,3,620.832275390625,619.6524658203125,0.8048283843132097,3.121337890625,626.313232421875,616.5311279296875,4.996634371321304
config_search_v1,seq8-bt8192-chunk,L1,energy_j_per_1k_tokens,J/1k_tokens,3,620.832275390625,619.6524658203125,0.8048283843132097,3.121337890625,626.313232421875,616.5311279296875,4.996634371321304
config_search_v1,seq8-bt8192-chunk,L1,energy_j_per_1k_total_tokens,J/1k_tokens,3,36.51954561121323,36.450145048253674,0.8048283843132078,0.18360811121323195,36.84195484834559,36.26653693704044,0.29391966890125243
config_search_v1,seq8-bt8192-chunk,L1,failed_requests,,3,0.0,0.0,,0.0,0.0,0.0,0.0
config_search_v1,seq8-bt8192-chunk,L1,input_tokens,,3,131072.0,131072.0,0.0,0.0,131072.0,131072.0,0.0
config_search_v1,seq8-bt8192-chunk,L1,j_per_output_token,J/token,3,0.620832275390625,0.6196524658203125,0.8048283843132106,0.0031213378906250755,0.626313232421875,0.6165311279296875,0.0049966343713213094
config_search_v1,seq8-bt8192-chunk,L1,j_per_total_token,J/token,3,0.03651954561121323,0.036450145048253675,0.8048283843132056,0.00018360811121323484,0.036841954848345584,0.03626653693704044,0.0002939196689012516
config_search_v1,seq8-bt8192-chunk,L1,mean_e2el_ms,ms,3,3844.6366666666668,3847.89,0.18833122793541057,1.7899999999999636,3849.68,3836.34,7.240651443988371
config_search_v1,seq8-bt8192-chunk,L1,mean_itl_ms,ms,3,7.743333333333333,7.75,0.26883331891512763,0.009999999999999787,7.76,7.72,0.020816659994661382
config_search_v1,seq8-bt8192-chunk,L1,mean_tpot_ms,ms,3,7.743333333333333,7.75,0.26883331891512763,0.009999999999999787,7.76,7.72,0.020816659994661382
config_search_v1,seq8-bt8192-chunk,L1,mean_ttft_ms,ms,3,2861.406666666667,2862.26,0.30618588334280455,7.449999999999818,2869.71,2852.25,8.761223278363234
config_search_v1,seq8-bt8192-chunk,L1,measurement_window_ms,ms,3,9480.715232668445,9486.60243100312,0.1467766534773863,4.117026997846551,9490.719458000967,9464.823809001246,13.915476544231542
config_search_v1,seq8-bt8192-chunk,L1,output_throughput_tok_s,tokens/s,3,870.0366666666667,869.4,0.1533560480873439,0.2599999999999909,871.57,869.14,1.3342538489108573
config_search_v1,seq8-bt8192-chunk,L1,output_tokens,,3,8192.0,8192.0,0.0,0.0,8192.0,8192.0,0.0
config_search_v1,seq8-bt8192-chunk,L1,p50_e2el_ms,ms,3,4615.743333333333,4615.34,0.07070898567473789,2.6400000000003274,4619.19,4612.7,3.2637452923493355
config_search_v1,seq8-bt8192-chunk,L1,p50_itl_ms,ms,3,6.55,6.55,0.1526717557251876,0.009999999999999787,6.56,6.54,0.009999999999999787
config_search_v1,seq8-bt8192-chunk,L1,p50_tpot_ms,ms,3,8.01,8.01,0.249687890137323,0.019999999999999574,8.03,7.99,0.019999999999999574
config_search_v1,seq8-bt8192-chunk,L1,p50_ttft_ms,ms,3,3561.7333333333336,3555.79,0.4784441482595228,7.329999999999927,3580.95,3548.46,17.04090470994218
config_search_v1,seq8-bt8192-chunk,L1,p95_e2el_ms,ms,3,4850.866666666667,4855.47,0.23008787233308575,3.519999999999527,4858.99,4838.14,11.161255903048213
config_search_v1,seq8-bt8192-chunk,L1,p95_itl_ms,ms,3,7.053333333333334,7.09,2.243184175105072,0.10000000000000053,7.19,6.88,0.15821925715074445
config_search_v1,seq8-bt8192-chunk,L1,p95_tpot_ms,ms,3,8.606666666666667,8.71,2.079534277096641,0.0,8.71,8.4,0.17897858344878426
config_search_v1,seq8-bt8192-chunk,L1,p95_ttft_ms,ms,3,3830.83,3837.64,0.31881645760578087,0.4800000000000182,3838.12,3816.73,12.213316502899534
config_search_v1,seq8-bt8192-chunk,L1,p99_e2el_ms,ms,3,4862.3533333333335,4867.97,0.23510224398066853,1.9200000000000728,4869.89,4849.2,11.431501796935503
config_search_v1,seq8-bt8192-chunk,L1,p99_itl_ms,ms,3,54.03,43.24,36.43226291509591,1.1400000000000006,76.75,42.1,19.68435165302632
config_search_v1,seq8-bt8192-chunk,L1,p99_tpot_ms,ms,3,8.63,8.73,2.210751335844602,0.019999999999999574,8.75,8.41,0.19078784028338916
config_search_v1,seq8-bt8192-chunk,L1,p99_ttft_ms,ms,3,3956.103333333333,3960.78,0.2938104059872649,3.8799999999996544,3964.66,3942.87,11.623443264942384
config_search_v1,seq8-bt8192-chunk,L1,request_throughput_req_s,requests/s,3,6.796666666666667,6.79,0.16989218318478083,0.0,6.81,6.79,0.01154700538379227
config_search_v1,seq8-bt8192-chunk,L1,successful_requests,,3,64.0,64.0,0.0,0.0,64.0,64.0,0.0
config_search_v1,seq8-bt8192-chunk,L1,throughput_tok_s,tokens/s,3,870.0366666666667,869.4,0.1533560480873439,0.2599999999999909,871.57,869.14,1.3342538489108573
config_search_v1,seq8-bt8192-chunk,L1,total_throughput_tok_s,tokens/s,3,14790.61,14779.86,0.15299435265859385,4.5,14816.61,14775.36,22.62879802375725
config_search_v1,seq8-bt8192-chunk,L1,tpot_ms,ms,3,8.606666666666667,8.71,2.079534277096641,0.0,8.71,8.4,0.17897858344878426
config_search_v1,seq8-bt8192-chunk,L1,trial_elapsed_ms,ms,3,22960.545992667903,22976.816305003013,0.5946830247883981,111.40801999135874,23088.22432499437,22816.597348006326,136.5424694171288
config_search_v1,seq8-bt8192-chunk,L1,ttft_ms,ms,3,3830.83,3837.64,0.31881645760578087,0.4800000000000182,3838.12,3816.73,12.213316502899534
config_search_v1,seq8-bt8192-chunk,L4,avg_power_w,W,3,546.5738371264673,546.7275389633816,0.319495429881675,1.5106451558363005,548.2381841192179,544.7557882968025,1.746278430547973
config_search_v1,seq8-bt8192-chunk,L4,benchmark_duration_s,s,3,37.14666666666667,37.15,0.015542451611347206,0.0,37.15,37.14,0.005773502691895109
config_search_v1,seq8-bt8192-chunk,L4,energy_j,J,3,20355.210333333333,20367.341,0.2698183950436831,35.711999999999534,20403.053,20295.237,54.92210182916594
config_search_v1,seq8-bt8192-chunk,L4,energy_j_per_1k_output_tokens,J/1k_tokens,3,621.1917215983073,621.5619201660156,0.2698183950436858,1.08984375,622.6517639160156,619.3614807128906,1.676089533360794
config_search_v1,seq8-bt8192-chunk,L4,energy_j_per_1k_tokens,J/1k_tokens,3,621.1917215983073,621.5619201660156,0.2698183950436858,1.08984375,622.6517639160156,619.3614807128906,1.676089533360794
config_search_v1,seq8-bt8192-chunk,L4,energy_j_per_1k_total_tokens,J/1k_tokens,3,36.54068950578278,36.56246589211857,0.26981839504369454,0.06410845588235503,36.62657434800092,36.43302827722886,0.09859350196240282
config_search_v1,seq8-bt8192-chunk,L4,failed_requests,,3,0.0,0.0,,0.0,0.0,0.0,0.0
config_search_v1,seq8-bt8192-chunk,L4,input_tokens,,3,524288.0,524288.0,0.0,0.0,524288.0,524288.0,0.0
config_search_v1,seq8-bt8192-chunk,L4,j_per_output_token,J/token,3,0.6211917215983073,0.6215619201660156,0.2698183950436831,0.0010898437499999858,0.6226517639160156,0.6193614807128907,0.001676089533360777
config_search_v1,seq8-bt8192-chunk,L4,j_per_total_token,J/token,3,0.036540689505782785,0.03656246589211857,0.26981839504368405,6.410845588235292e-05,0.03662657434800092,0.036433028277228864,9.8593501962399e-05
config_search_v1,seq8-bt8192-chunk,L4,mean_e2el_ms,ms,3,4427.236666666667,4427.18,0.0024152033032346205,0.010000000000218279,4427.36,4427.17,0.10692676621534764
config_search_v1,seq8-bt8192-chunk,L4,mean_itl_ms,ms,3,7.82,7.82,0.0,0.0,7.82,7.82,0.0
config_search_v1,seq8-bt8192-chunk,L4,mean_tpot_ms,ms,3,7.82,7.82,0.0,0.0,7.82,7.82,0.0
config_search_v1,seq8-bt8192-chunk,L4,mean_ttft_ms,ms,3,3434.36,3434.55,0.016855490558250346,0.2699999999999818,3434.82,3433.71,0.5788782255363266
config_search_v1,seq8-bt8192-chunk,L4,measurement_window_ms,ms,3,37241.50565266609,37253.182889995514,0.060164052977483944,2.478153008269146,37255.66104300378,37215.67302499898,22.405999190482703
config_search_v1,seq8-bt8192-chunk,L4,output_throughput_tok_s,tokens/s,3,882.1766666666666,882.12,0.011125837881552003,0.0,882.29,882.12,0.09814954576221274
config_search_v1,seq8-bt8192-chunk,L4,output_tokens,,3,32768.0,32768.0,0.0,0.0,32768.0,32768.0,0.0
config_search_v1,seq8-bt8192-chunk,L4,p50_e2el_ms,ms,3,4624.91,4623.82,0.07079130639818466,1.5,4628.59,4622.32,3.2740342087402823
config_search_v1,seq8-bt8192-chunk,L4,p50_itl_ms,ms,3,6.553333333333334,6.55,0.08810024453554631,0.0,6.56,6.55,0.005773502691896135
config_search_v1,seq8-bt8192-chunk,L4,p50_tpot_ms,ms,3,8.016666666666666,8.02,0.072018744597457,0.0,8.02,8.01,0.005773502691896135
config_search_v1,seq8-bt8192-chunk,L4,p50_ttft_ms,ms,3,3604.75,3603.72,0.07246077708589568,0.9099999999998545,3607.72,3602.81,2.6120298620038245
config_search_v1,seq8-bt8192-chunk,L4,p95_e2el_ms,ms,3,4633.080000000001,4634.02,0.056953728554736946,1.0999999999994543,4635.12,4630.1,2.638711806923807
config_search_v1,seq8-bt8192-chunk,L4,p95_itl_ms,ms,3,7.136666666666667,7.13,0.42807806585294866,0.019999999999999574,7.17,7.11,0.03055050463303877
config_search_v1,seq8-bt8192-chunk,L4,p95_tpot_ms,ms,3,8.72,8.72,0.0,0.0,8.72,8.72,0.0
config_search_v1,seq8-bt8192-chunk,L4,p95_ttft_ms,ms,3,3725.2833333333333,3724.82,0.02657425599109802,0.21000000000003638,3726.42,3724.61,0.9899663293937094
config_search_v1,seq8-bt8192-chunk,L4,p99_e2el_ms,ms,3,4826.073333333334,4834.85,0.5227288074678104,10.889999999999418,4845.74,4797.63,25.227275582855338
config_search_v1,seq8-bt8192-chunk,L4,p99_itl_ms,ms,3,43.156666666666666,43.0,0.7947257933107512,0.0799999999999983,43.55,42.92,0.3429771615331432
config_search_v1,seq8-bt8192-chunk,L4,p99_tpot_ms,ms,3,8.736666666666666,8.74,0.06608358670617476,0.0,8.74,8.73,0.005773502691896135
config_search_v1,seq8-bt8192-chunk,L4,p99_ttft_ms,ms,3,3857.4600000000005,3867.78,0.605036259226042,6.079999999999927,3873.86,3830.74,23.33903168514088
config_search_v1,seq8-bt8192-chunk,L4,request_throughput_req_s,requests/s,3,6.89,6.89,0.0,0.0,6.89,6.89,0.0
config_search_v1,seq8-bt8192-chunk,L4,successful_requests,,3,256.0,256.0,0.0,0.0,256.0,256.0,0.0
config_search_v1,seq8-bt8192-chunk,L4,throughput_tok_s,tokens/s,3,882.1766666666666,882.12,0.011125837881552003,0.0,882.29,882.12,0.09814954576221274
config_search_v1,seq8-bt8192-chunk,L4,total_throughput_tok_s,tokens/s,3,14997.036666666667,14996.11,0.011226068039050132,0.09000000000014552,14998.98,14996.02,1.683577540041296
config_search_v1,seq8-bt8192-chunk,L4,tpot_ms,ms,3,8.72,8.72,0.0,0.0,8.72,8.72,0.0
config_search_v1,seq8-bt8192-chunk,L4,trial_elapsed_ms,ms,3,52454.6991703343,52433.42256400501,0.21579044291667376,79.76749700901564,52577.0198800019,52353.655066996,113.19222767027318
config_search_v1,seq8-bt8192-chunk,L4,ttft_ms,ms,3,3725.2833333333333,3724.82,0.02657425599109802,0.21000000000003638,3726.42,3724.61,0.9899663293937094
