experiment_id,workload_id,metric,unit,n,mean,median,cv_pct,mad,max,min,sample_sd
workload_transfer_v1,val-c1024-o128-k4,avg_power_w,W,3,461.3798242899359,460.95474212040693,0.5960129718817004,2.087507694611759,464.3174963236057,458.8672344257952,2.7498836024130147
workload_transfer_v1,val-c1024-o128-k4,benchmark_duration_s,s,3,7.19,7.17,0.48179438319023404,0.0,7.23,7.17,0.03464101615137783
workload_transfer_v1,val-c1024-o128-k4,energy_j,J,3,3359.596666666667,3380.349,1.1231518481163656,2.049999999999727,3382.399,3316.042,37.73337205092248
workload_transfer_v1,val-c1024-o128-k4,failed_requests,,3,0.0,0.0,,0.0,0.0,0.0,0.0
workload_transfer_v1,val-c1024-o128-k4,input_tokens,,3,32768.0,32768.0,0.0,0.0,32768.0,32768.0,0.0
workload_transfer_v1,val-c1024-o128-k4,j_per_output_token,J/token,3,0.8202140299479167,0.825280517578125,1.1231518481163656,0.0005004882812499334,0.825781005859375,0.80958056640625,0.009212249035869747
workload_transfer_v1,val-c1024-o128-k4,j_per_total_token,J/token,3,0.09113489221643518,0.09169783528645833,1.1231518481163636,5.560980902777346e-05,0.09175344509548611,0.08995339626736111,0.0010235832262077478
workload_transfer_v1,val-c1024-o128-k4,mean_e2el_ms,ms,3,896.6133333333333,895.07,0.3415180343685632,0.44000000000005457,900.14,894.63,3.0620962318864535
workload_transfer_v1,val-c1024-o128-k4,mean_itl_ms,ms,3,6.383333333333333,6.37,0.36178606946608444,0.0,6.41,6.37,0.023094010767585053
workload_transfer_v1,val-c1024-o128-k4,mean_tpot_ms,ms,3,6.383333333333333,6.37,0.36178606946608444,0.0,6.41,6.37,0.023094010767585053
workload_transfer_v1,val-c1024-o128-k4,mean_ttft_ms,ms,3,86.19,86.31,0.3683607812133135,0.12000000000000455,86.43,85.83,0.3174901573277549
workload_transfer_v1,val-c1024-o128-k4,measurement_window_ms,ms,3,7281.538422665714,7284.668414999032,0.7341790722590047,48.695777004468255,7333.364192003501,7226.582660994609,53.4595312377101
workload_transfer_v1,val-c1024-o128-k4,output_throughput_tok_s,tokens/s,3,569.9133333333333,571.25,0.46833234590209283,0.39999999999997726,571.65,566.84,2.669088483608814
workload_transfer_v1,val-c1024-o128-k4,output_tokens,,3,4096.0,4096.0,0.0,0.0,4096.0,4096.0,0.0
workload_transfer_v1,val-c1024-o128-k4,p50_e2el_ms,ms,3,896.11,894.71,0.4472433529135584,1.7200000000000273,900.63,892.99,4.007792409793688
workload_transfer_v1,val-c1024-o128-k4,p50_itl_ms,ms,3,6.260000000000001,6.26,0.0,0.0,6.26,6.26,0.0
workload_transfer_v1,val-c1024-o128-k4,p50_tpot_ms,ms,3,6.303333333333334,6.29,0.8141091654331427,0.03000000000000025,6.36,6.26,0.0513160143944691
workload_transfer_v1,val-c1024-o128-k4,p50_ttft_ms,ms,3,96.63333333333333,96.67,2.447616249073083,2.3100000000000023,98.98,94.25,2.3652131686876223
workload_transfer_v1,val-c1024-o128-k4,p95_e2el_ms,ms,3,915.4966666666666,913.89,0.4195416317430558,1.169999999999959,919.88,912.72,3.8408896538866175
workload_transfer_v1,val-c1024-o128-k4,p95_itl_ms,ms,3,6.460000000000001,6.45,0.40955902648058573,0.009999999999999787,6.49,6.44,0.026457513110645845
workload_transfer_v1,val-c1024-o128-k4,p95_tpot_ms,ms,3,6.69,6.69,0.0,0.0,6.69,6.69,0.0
workload_transfer_v1,val-c1024-o128-k4,p95_ttft_ms,ms,3,120.36333333333334,120.15,3.4264091897788393,3.8000000000000114,124.59,116.35,4.124140314457471
workload_transfer_v1,val-c1024-o128-k4,p99_e2el_ms,ms,3,916.2166666666667,914.85,0.4542421778695366,1.9400000000000546,920.89,912.91,4.161842540670339
workload_transfer_v1,val-c1024-o128-k4,p99_itl_ms,ms,3,8.386666666666667,6.99,29.67449682580857,0.08000000000000007,11.26,6.91,2.4887011337911455
workload_transfer_v1,val-c1024-o128-k4,p99_tpot_ms,ms,3,6.7,6.7,0.0,0.0,6.7,6.7,0.0
workload_transfer_v1,val-c1024-o128-k4,p99_ttft_ms,ms,3,121.34666666666665,121.11,3.370622909812641,3.730000000000004,125.55,117.38,4.090138546960645
workload_transfer_v1,val-c1024-o128-k4,request_throughput_req_s,requests/s,3,4.453333333333333,4.46,0.4674399699400011,0.009999999999999787,4.47,4.43,0.020816659994661382
workload_transfer_v1,val-c1024-o128-k4,successful_requests,,3,32.0,32.0,0.0,0.0,32.0,32.0,0.0
workload_transfer_v1,val-c1024-o128-k4,throughput_tok_s,tokens/s,3,569.9133333333333,571.25,0.46833234590209283,0.39999999999997726,571.65,566.84,2.669088483608814
workload_transfer_v1,val-c1024-o128-k4,total_throughput_tok_s,tokens/s,3,5129.206666666666,5141.24,0.46844580827433563,3.600000000000364,5144.84,5101.54,24.02755362772777
workload_transfer_v1,val-c1024-o128-k4,tpot_ms,ms,3,6.69,6.69,0.0,0.0,6.69,6.69,0.0
workload_transfer_v1,val-c1024-o128-k4,trial_elapsed_ms,ms,3,19725.285663327668,19718.156753995572,0.16512615623738802,21.28777900361456,19760.831260995474,19696.868974991958,32.571606022697544
workload_transfer_v1,val-c1024-o128-k4,ttft_ms,ms,3,120.36333333333334,120.15,3.4264091897788393,3.8000000000000114,124.59,116.35,4.124140314457471
workload_transfer_v1,val-c2048-o128-k32,avg_power_w,W,3,643.9750396768683,644.038815270644,0.3961509189248381,2.4548517013220135,646.493666971966,641.3926367879949,2.5511130373265045
workload_transfer_v1,val-c2048-o128-k32,benchmark_duration_s,s,3,18.873333333333335,18.91,0.480772080141869,0.030000000000001137,18.94,18.77,0.09073771725877541
workload_transfer_v1,val-c2048-o128-k32,energy_j,J,3,12184.777666666667,12186.987,0.06198212248542193,3.992000000000189,12190.979,12176.367,7.55238381792967
workload_transfer_v1,val-c2048-o128-k32,failed_requests,,3,0.0,0.0,,0.0,0.0,0.0,0.0
workload_transfer_v1,val-c2048-o128-k32,input_tokens,,3,524288.0,524288.0,0.0,0.0,524288.0,524288.0,0.0
workload_transfer_v1,val-c2048-o128-k32,j_per_output_token,J/token,3,0.3718499043782552,0.37191732788085935,0.06198212248542193,0.00012182617187500577,0.37203915405273436,0.3715932312011719,0.00023048046319365447
workload_transfer_v1,val-c2048-o128-k32,j_per_total_token,J/token,3,0.021873523786956187,0.021877489875344668,0.06198212248542547,7.166245404411492e-06,0.02188465612074908,0.021858425364774815,1.3557674305509859e-05
workload_transfer_v1,val-c2048-o128-k32,mean_e2el_ms,ms,3,2352.3433333333332,2356.33,0.4473213752354323,3.9600000000000364,2360.29,2340.41,10.522534548925677
workload_transfer_v1,val-c2048-o128-k32,mean_itl_ms,ms,3,12.696666666666667,12.63,2.5610393065386625,0.22000000000000064,13.05,12.41,0.3251666239535255
workload_transfer_v1,val-c2048-o128-k32,mean_tpot_ms,ms,3,12.696666666666667,12.63,2.5610393065386625,0.22000000000000064,13.05,12.41,0.3251666239535255
workload_transfer_v1,val-c2048-o128-k32,mean_ttft_ms,ms,3,739.93,756.07,6.818858909182604,24.269999999999982,780.34,683.38,50.45478272671484
workload_transfer_v1,val-c2048-o128-k32,measurement_window_ms,ms,3,18921.42333232914,18922.752341997693,0.456066643598661,84.29310999053996,19007.045451988233,18834.472203001496,86.29430031284743
workload_transfer_v1,val-c2048-o128-k32,output_throughput_tok_s,tokens/s,3,1736.3533333333332,1733.25,0.4945102231597814,3.5,1746.06,1729.75,8.586444743508968
workload_transfer_v1,val-c2048-o128-k32,output_tokens,,3,32768.0,32768.0,0.0,0.0,32768.0,32768.0,0.0
workload_transfer_v1,val-c2048-o128-k32,p50_e2el_ms,ms,3,2339.56,2344.43,0.6802151246457432,8.039999999999964,2352.47,2321.78,15.914040970161949
workload_transfer_v1,val-c2048-o128-k32,p50_itl_ms,ms,3,7.5,7.5,0.0,0.0,7.5,7.5,0.0
workload_transfer_v1,val-c2048-o128-k32,p50_tpot_ms,ms,3,12.566666666666668,12.65,3.117021261140451,0.2599999999999998,12.91,12.14,0.39170567181665006
workload_transfer_v1,val-c2048-o128-k32,p50_ttft_ms,ms,3,750.4466666666667,728.48,7.019177839680038,16.170000000000073,810.55,712.31,52.67518612528419
workload_transfer_v1,val-c2048-o128-k32,p95_e2el_ms,ms,3,2556.556666666667,2550.39,1.481229395286678,28.23999999999978,2597.13,2522.15,37.86846885382792
workload_transfer_v1,val-c2048-o128-k32,p95_itl_ms,ms,3,12.253333333333332,12.34,6.638764422339968,0.6799999999999997,13.02,11.4,0.8134699338840573
workload_transfer_v1,val-c2048-o128-k32,p95_tpot_ms,ms,3,17.30666666666667,17.31,0.08826224373952185,0.010000000000001563,17.32,17.29,0.015275252316519916
workload_transfer_v1,val-c2048-o128-k32,p95_ttft_ms,ms,3,1318.8333333333333,1336.31,3.4747776140870634,17.039999999999964,1353.35,1266.84,45.82652543378489
workload_transfer_v1,val-c2048-o128-k32,p99_e2el_ms,ms,3,2721.15,2659.31,8.203494703992618,123.94999999999982,2968.78,2535.36,223.22939613769515
workload_transfer_v1,val-c2048-o128-k32,p99_itl_ms,ms,3,179.22,179.25,0.7282996289858376,1.259999999999991,180.51,177.9,1.3052585950684181
workload_transfer_v1,val-c2048-o128-k32,p99_tpot_ms,ms,3,17.63,17.62,0.15007097623735685,0.010000000000001563,17.66,17.61,0.02645751311064601
workload_transfer_v1,val-c2048-o128-k32,p99_ttft_ms,ms,3,1481.7633333333333,1476.89,0.5725745028331936,0.0500000000001819,1491.56,1476.84,8.48419903899789
workload_transfer_v1,val-c2048-o128-k32,request_throughput_req_s,requests/s,3,13.563333333333333,13.54,0.5018574061602925,0.02999999999999936,13.64,13.51,0.068068592855541
workload_transfer_v1,val-c2048-o128-k32,successful_requests,,3,256.0,256.0,0.0,0.0,256.0,256.0,0.0
workload_transfer_v1,val-c2048-o128-k32,throughput_tok_s,tokens/s,3,1736.3533333333332,1733.25,0.4945102231597814,3.5,1746.06,1729.75,8.586444743508968
workload_transfer_v1,val-c2048-o128-k32,total_throughput_tok_s,tokens/s,3,29518.046666666665,29465.23,0.4945325082011518,59.39999999999782,29683.08,29405.83,145.97633655265312
workload_transfer_v1,val-c2048-o128-k32,tpot_ms,ms,3,17.30666666666667,17.31,0.08826224373952185,0.010000000000001563,17.32,17.29,0.015275252316519916
workload_transfer_v1,val-c2048-o128-k32,trial_elapsed_ms,ms,3,33936.94174233436,33964.52901400335,0.4805944635514185,119.95883099734783,34084.487845000695,33761.80836799904,163.09906311232925
workload_transfer_v1,val-c2048-o128-k32,ttft_ms,ms,3,1318.8333333333333,1336.31,3.4747776140870634,17.039999999999964,1353.35,1266.84,45.82652543378489
workload_transfer_v1,val-c2048-o128-k8,avg_power_w,W,3,538.2614865385627,538.4941386309146,0.39111635970022035,1.7465868846140893,540.2407255155287,536.0495954692452,2.105228731817918
workload_transfer_v1,val-c2048-o128-k8,benchmark_duration_s,s,3,9.523333333333333,9.51,0.43717171847381275,0.019999999999999574,9.57,9.49,0.041633319989322765
workload_transfer_v1,val-c2048-o128-k8,energy_j,J,3,5152.648666666667,5148.056,0.19667796606935967,2.431999999999789,5164.266,5145.624,10.134124596299982
workload_transfer_v1,val-c2048-o128-k8,failed_requests,,3,0.0,0.0,,0.0,0.0,0.0,0.0
workload_transfer_v1,val-c2048-o128-k8,input_tokens,,3,131072.0,131072.0,0.0,0.0,131072.0,131072.0,0.0
workload_transfer_v1,val-c2048-o128-k8,j_per_output_token,J/token,3,0.6289854329427084,0.6284248046875,0.19667796606935967,0.00029687499999997424,0.630403564453125,0.6281279296875,0.0012370757563842751
workload_transfer_v1,val-c2048-o128-k8,j_per_total_token,J/token,3,0.03699914311427696,0.036966164981617644,0.19667796606935348,1.7463235294112867e-05,0.0370825626148897,0.03694870174632353,7.276916214024918e-05
workload_transfer_v1,val-c2048-o128-k8,mean_e2el_ms,ms,3,1188.9233333333334,1187.52,0.3681569013928517,2.099999999999909,1193.83,1185.42,4.377103303936606
workload_transfer_v1,val-c2048-o128-k8,mean_itl_ms,ms,3,7.303333333333334,7.31,0.4183090547654836,0.020000000000000462,7.33,7.27,0.030550504633039155
workload_transfer_v1,val-c2048-o128-k8,mean_tpot_ms,ms,3,7.303333333333334,7.31,0.4183090547654836,0.020000000000000462,7.33,7.27,0.030550504633039155
workload_transfer_v1,val-c2048-o128-k8,mean_ttft_ms,ms,3,261.6166666666667,262.72,1.9439017998925132,3.339999999999975,266.06,256.07,5.08557109215213
workload_transfer_v1,val-c2048-o128-k8,measurement_window_ms,ms,3,9572.90086033269,9555.580332002137,0.5690840036697661,26.391293009510264,9633.933210003306,9529.189038992627,54.47784748331875
workload_transfer_v1,val-c2048-o128-k8,output_throughput_tok_s,tokens/s,3,860.0966666666667,861.17,0.41205486571394356,1.8100000000000591,862.98,856.14,3.5440701648434385
workload_transfer_v1,val-c2048-o128-k8,output_tokens,,3,8192.0,8192.0,0.0,0.0,8192.0,8192.0,0.0
workload_transfer_v1,val-c2048-o128-k8,p50_e2el_ms,ms,3,1184.1033333333335,1183.47,0.11296499476859022,0.2699999999999818,1185.64,1183.2,1.3376222685547026
workload_transfer_v1,val-c2048-o128-k8,p50_itl_ms,ms,3,6.566666666666666,6.57,0.08792136079030428,0.0,6.57,6.56,0.005773502691896647
workload_transfer_v1,val-c2048-o128-k8,p50_tpot_ms,ms,3,7.213333333333334,7.15,2.941921264768393,0.11000000000000032,7.45,7.04,0.2122105872319601
workload_transfer_v1,val-c2048-o128-k8,p50_ttft_ms,ms,3,293.76666666666665,299.46,6.625947648061456,10.29000000000002,309.75,272.09,19.464825540788535
workload_transfer_v1,val-c2048-o128-k8,p95_e2el_ms,ms,3,1233.8999999999999,1225.23,1.6749464931472107,6.25,1257.49,1218.98,20.66716477894343
workload_transfer_v1,val-c2048-o128-k8,p95_itl_ms,ms,3,6.8,6.77,1.1672432254696699,0.02999999999999936,6.89,6.74,0.07937253933193754
workload_transfer_v1,val-c2048-o128-k8,p95_tpot_ms,ms,3,8.773333333333333,8.78,0.1316148030067508,0.0,8.78,8.76,0.01154700538379227
workload_transfer_v1,val-c2048-o128-k8,p95_ttft_ms,ms,3,393.71000000000004,392.36,7.114223900453444,25.960000000000036,422.37,366.4,28.009410918475254
workload_transfer_v1,val-c2048-o128-k8,p99_e2el_ms,ms,3,1237.9266666666665,1228.51,1.4280620226709733,1.5599999999999454,1258.32,1226.95,17.678360595183356
workload_transfer_v1,val-c2048-o128-k8,p99_itl_ms,ms,3,8.69,8.02,14.057506501654485,0.0699999999999994,10.1,7.95,1.2215973149937747
workload_transfer_v1,val-c2048-o128-k8,p99_tpot_ms,ms,3,8.799999999999999,8.79,0.1968239554055617,0.0,8.82,8.79,0.01732050807568943
workload_transfer_v1,val-c2048-o128-k8,p99_ttft_ms,ms,3,409.03000000000003,398.37,5.318886852638451,3.7099999999999795,434.06,394.66,21.755842893347058
workload_transfer_v1,val-c2048-o128-k8,request_throughput_req_s,requests/s,3,6.72,6.73,0.3937129927179441,0.009999999999999787,6.74,6.69,0.026457513110645845
workload_transfer_v1,val-c2048-o128-k8,successful_requests,,3,64.0,64.0,0.0,0.0,64.0,64.0,0.0
workload_transfer_v1,val-c2048-o128-k8,throughput_tok_s,tokens/s,3,860.0966666666667,861.17,0.41205486571394356,1.8100000000000591,862.98,856.14,3.5440701648434385
workload_transfer_v1,val-c2048-o128-k8,total_throughput_tok_s,tokens/s,3,14621.646666666667,14639.84,0.41177400510723444,30.81999999999971,14670.66,14554.44,60.20814009196177
workload_transfer_v1,val-c2048-o128-k8,tpot_ms,ms,3,8.773333333333333,8.78,0.1316148030067508,0.0,8.78,8.76,0.01154700538379227
workload_transfer_v1,val-c2048-o128-k8,trial_elapsed_ms,ms,3,22517.97428599578,22519.39268800197,0.27495887338721053,59.77537899161689,22579.16806699359,22455.362102991785,61.915168406395765
workload_transfer_v1,val-c2048-o128-k8,ttft_ms,ms,3,393.71000000000004,392.36,7.114223900453444,25.960000000000036,422.37,366.4,28.009410918475254
workload_transfer_v1,val-c256-o128-k1,avg_power_w,W,3,424.2467417231769,425.14064507407295,0.8625336096524361,2.2355908229683905,427.37623589704134,420.22334419841656,3.6592707352177656
workload_transfer_v1,val-c256-o128-k1,benchmark_duration_s,s,3,6.349999999999999,6.35,0.0,0.0,6.35,6.35,0.0
workload_transfer_v1,val-c256-o128-k1,energy_j,J,3,2728.1156666666666,2740.8,1.0499415080375982,7.42699999999968,2748.227,2695.32,28.643618771609976
workload_transfer_v1,val-c256-o128-k1,failed_requests,,3,0.0,0.0,,0.0,0.0,0.0,0.0
workload_transfer_v1,val-c256-o128-k1,input_tokens,,3,2048.0,2048.0,0.0,0.0,2048.0,2048.0,0.0
workload_transfer_v1,val-c256-o128-k1,j_per_output_token,J/token,3,2.6641754557291666,2.6765625,1.0499415080375982,0.007252929687499687,2.6838154296875,2.6321484375,0.027972283956650367
workload_transfer_v1,val-c256-o128-k1,j_per_total_token,J/token,3,0.8880584852430555,0.8921875,1.0499415080375973,0.0024176432291665995,0.8946051432291666,0.8773828125,0.00932409465221678
workload_transfer_v1,val-c256-o128-k1,mean_e2el_ms,ms,3,793.6566666666668,793.69,0.018010963298479826,0.08999999999991815,793.78,793.5,0.1429452109492717
workload_transfer_v1,val-c256-o128-k1,mean_itl_ms,ms,3,6.11,6.11,0.0,0.0,6.11,6.11,0.0
workload_transfer_v1,val-c256-o128-k1,mean_tpot_ms,ms,3,6.11,6.11,0.0,0.0,6.11,6.11,0.0
workload_transfer_v1,val-c256-o128-k1,mean_ttft_ms,ms,3,18.133333333333336,18.25,1.1624567466001756,0.010000000000001563,18.26,17.89,0.21079215671683185
workload_transfer_v1,val-c256-o128-k1,measurement_window_ms,ms,3,6430.459909330239,6414.0177770023,0.4554945099650925,0.9330760076409206,6464.277249993756,6413.084700994659,29.290391852505504
workload_transfer_v1,val-c256-o128-k1,output_throughput_tok_s,tokens/s,3,161.25333333333333,161.25,0.015606570273012143,0.020000000000010232,161.28,161.23,0.02516611478424118
workload_transfer_v1,val-c256-o128-k1,output_tokens,,3,1024.0,1024.0,0.0,0.0,1024.0,1024.0,0.0
workload_transfer_v1,val-c256-o128-k1,p50_e2el_ms,ms,3,793.7633333333333,793.78,0.02589027399737343,0.18000000000006366,793.96,793.55,0.2055075018906846
workload_transfer_v1,val-c256-o128-k1,p50_itl_ms,ms,3,6.11,6.11,0.0,0.0,6.11,6.11,0.0
workload_transfer_v1,val-c256-o128-k1,p50_tpot_ms,ms,3,6.11,6.11,0.0,0.0,6.11,6.11,0.0
workload_transfer_v1,val-c256-o128-k1,p50_ttft_ms,ms,3,18.34,18.33,1.6091989709240682,0.2799999999999976,18.64,18.05,0.2951270912674741
workload_transfer_v1,val-c256-o128-k1,p95_e2el_ms,ms,3,794.3666666666667,794.31,0.030221488951419854,0.14999999999997726,794.63,794.16,0.24006943440042885
workload_transfer_v1,val-c256-o128-k1,p95_itl_ms,ms,3,6.210000000000001,6.2,0.426046909994297,0.009999999999999787,6.24,6.19,0.026457513110645845
workload_transfer_v1,val-c256-o128-k1,p95_tpot_ms,ms,3,6.11,6.11,0.0,0.0,6.11,6.11,0.0
workload_transfer_v1,val-c256-o128-k1,p95_ttft_ms,ms,3,18.94,18.98,1.7519176370683276,0.2699999999999996,19.25,18.59,0.33181320046074125
workload_transfer_v1,val-c256-o128-k1,p99_e2el_ms,ms,3,794.46,794.45,0.03463186690883482,0.2599999999999909,794.74,794.19,0.2751363298439291
workload_transfer_v1,val-c256-o128-k1,p99_itl_ms,ms,3,6.316666666666666,6.33,0.6591026911238432,0.019999999999999574,6.35,6.27,0.041633319989322765
workload_transfer_v1,val-c256-o128-k1,p99_tpot_ms,ms,3,6.11,6.11,0.0,0.0,6.11,6.11,0.0
workload_transfer_v1,val-c256-o128-k1,p99_ttft_ms,ms,3,19.066666666666666,19.18,2.2621458893375292,0.25,19.43,18.59,0.43131581623368886
workload_transfer_v1,val-c256-o128-k1,request_throughput_req_s,requests/s,3,1.26,1.26,0.0,0.0,1.26,1.26,0.0
workload_transfer_v1,val-c256-o128-k1,successful_requests,,3,8.0,8.0,0.0,0.0,8.0,8.0,0.0
workload_transfer_v1,val-c256-o128-k1,throughput_tok_s,tokens/s,3,161.25333333333333,161.25,0.015606570273012143,0.020000000000010232,161.28,161.23,0.02516611478424118
workload_transfer_v1,val-c256-o128-k1,total_throughput_tok_s,tokens/s,3,483.75666666666666,483.74,0.017822344782678374,0.060000000000002274,483.85,483.68,0.08621678104252548
workload_transfer_v1,val-c256-o128-k1,tpot_ms,ms,3,6.11,6.11,0.0,0.0,6.11,6.11,0.0
workload_transfer_v1,val-c256-o128-k1,trial_elapsed_ms,ms,3,19547.217930007417,19468.985720013734,1.7227441892676096,212.51436001330148,19916.19671000808,19256.471360000432,336.74856105267907
workload_transfer_v1,val-c256-o128-k1,ttft_ms,ms,3,18.94,18.98,1.7519176370683276,0.2699999999999996,19.25,18.59,0.33181320046074125
workload_transfer_v1,val-c256-o128-k16,avg_power_w,W,3,483.7071850387154,483.66117893841687,0.1214100632551006,0.516906962598398,484.31610420191106,483.14427197581847,0.5872691993249709
workload_transfer_v1,val-c256-o128-k16,benchmark_duration_s,s,3,7.333333333333333,7.35,0.5162643950727525,0.010000000000000675,7.36,7.29,0.03785938897200184
workload_transfer_v1,val-c256-o128-k16,energy_j,J,3,3587.488,3582.369,0.6846541641992174,16.480000000000018,3614.206,3565.889,24.56188598214722
workload_transfer_v1,val-c256-o128-k16,failed_requests,,3,0.0,0.0,,0.0,0.0,0.0,0.0
workload_transfer_v1,val-c256-o128-k16,input_tokens,,3,32768.0,32768.0,0.0,0.0,32768.0,32768.0,0.0
workload_transfer_v1,val-c256-o128-k16,j_per_output_token,J/token,3,0.218962890625,0.21865045166015626,0.6846541641992174,0.0010058593750000011,0.2205936279296875,0.21764459228515626,0.0014991385487150403
workload_transfer_v1,val-c256-o128-k16,j_per_total_token,J/token,3,0.07298763020833333,0.07288348388671875,0.684654164199214,0.0003352864583333337,0.07353120930989583,0.07254819742838542,0.0004997128495716776
workload_transfer_v1,val-c256-o128-k16,mean_e2el_ms,ms,3,911.98,912.97,0.38289113855440104,1.8999999999999773,914.87,908.1,3.4918906053884267
workload_transfer_v1,val-c256-o128-k16,mean_itl_ms,ms,3,6.546666666666667,6.54,0.17637991930436256,0.0,6.56,6.54,0.01154700538379227
workload_transfer_v1,val-c256-o128-k16,mean_tpot_ms,ms,3,6.546666666666667,6.54,0.17637991930436256,0.0,6.56,6.54,0.01154700538379227
workload_transfer_v1,val-c256-o128-k16,mean_ttft_ms,ms,3,80.63666666666667,82.96,6.586206772940127,1.4300000000000068,84.39,74.56,5.310897601473155
workload_transfer_v1,val-c256-o128-k16,measurement_window_ms,ms,3,7416.675929009216,7414.698275009869,0.7410442319357624,51.96767600136809,7472.5989130092785,7362.730599008501,54.96084917329092
workload_transfer_v1,val-c256-o128-k16,output_throughput_tok_s,tokens/s,3,2233.806666666667,2230.27,0.49931680854822713,5.420000000000073,2246.3,2224.85,11.153772157137535
workload_transfer_v1,val-c256-o128-k16,output_tokens,,3,16384.0,16384.0,0.0,0.0,16384.0,16384.0,0.0
workload_transfer_v1,val-c256-o128-k16,p50_e2el_ms,ms,3,911.0033333333334,911.19,0.5041524787050431,4.309999999999945,915.5,906.32,4.592845886085566
workload_transfer_v1,val-c256-o128-k16,p50_itl_ms,ms,3,6.37,6.37,0.0,0.0,6.37,6.37,0.0
workload_transfer_v1,val-c256-o128-k16,p50_tpot_ms,ms,3,6.4366666666666665,6.43,0.17939417996570867,0.0,6.45,6.43,0.011547005383792781
workload_transfer_v1,val-c256-o128-k16,p50_ttft_ms,ms,3,87.2,87.81,6.981609558157559,5.1499999999999915,92.96,80.83,6.087963534713392
workload_transfer_v1,val-c256-o128-k16,p95_e2el_ms,ms,3,940.09,939.51,0.7242448535793742,5.919999999999959,947.17,933.59,6.808553444014339
workload_transfer_v1,val-c256-o128-k16,p95_itl_ms,ms,3,6.8066666666666675,6.82,0.6116550439175724,0.019999999999999574,6.84,6.76,0.041633319989322765
workload_transfer_v1,val-c256-o128-k16,p95_tpot_ms,ms,3,6.826666666666667,6.83,0.22375857885526795,0.009999999999999787,6.84,6.81,0.015275252316519626
workload_transfer_v1,val-c256-o128-k16,p95_ttft_ms,ms,3,130.61333333333334,129.84,4.302812971660256,4.420000000000002,136.58,125.42,5.620047449384515
workload_transfer_v1,val-c256-o128-k16,p99_e2el_ms,ms,3,943.3433333333332,942.89,0.8850685852033989,7.659999999999968,951.91,935.23,8.349235493943915
workload_transfer_v1,val-c256-o128-k16,p99_itl_ms,ms,3,10.206666666666667,9.82,9.408338382772484,0.3200000000000003,11.3,9.5,0.960277737601645
workload_transfer_v1,val-c256-o128-k16,p99_tpot_ms,ms,3,6.863333333333333,6.85,0.33648388685165204,0.0,6.89,6.85,0.023094010767585053
workload_transfer_v1,val-c256-o128-k16,p99_ttft_ms,ms,3,132.20333333333335,131.72,4.153433434279623,4.75,137.92,126.97,5.490977447898804
workload_transfer_v1,val-c256-o128-k16,request_throughput_req_s,requests/s,3,17.45,17.42,0.5093521156054808,0.0400000000000027,17.55,17.38,0.0888819441731564
workload_transfer_v1,val-c256-o128-k16,successful_requests,,3,128.0,128.0,0.0,0.0,128.0,128.0,0.0
workload_transfer_v1,val-c256-o128-k16,throughput_tok_s,tokens/s,3,2233.806666666667,2230.27,0.49931680854822713,5.420000000000073,2246.3,2224.85,11.153772157137535
workload_transfer_v1,val-c256-o128-k16,total_throughput_tok_s,tokens/s,3,6701.423333333333,6690.81,0.4992566501225885,16.25,6738.9,6674.56,33.45730164453351
workload_transfer_v1,val-c256-o128-k16,tpot_ms,ms,3,6.826666666666667,6.83,0.22375857885526795,0.009999999999999787,6.84,6.81,0.015275252316519626
workload_transfer_v1,val-c256-o128-k16,trial_elapsed_ms,ms,3,19788.439165669843,19840.557180010364,0.47581079383699953,4.454982990864664,19845.01216300123,19679.748153997934,94.15552948212542
workload_transfer_v1,val-c256-o128-k16,ttft_ms,ms,3,130.61333333333334,129.84,4.302812971660256,4.420000000000002,136.58,125.42,5.620047449384515
workload_transfer_v1,val-c512-o128-k32,avg_power_w,W,3,580.0089216546835,581.6104377046355,0.6999100939385341,1.4129890605386208,583.0234267651741,575.3929004942407,4.059540988405174
workload_transfer_v1,val-c512-o128-k32,benchmark_duration_s,s,3,9.606666666666667,9.61,0.4693875523410358,0.040000000000000924,9.65,9.56,0.04509249752822884
workload_transfer_v1,val-c512-o128-k32,energy_j,J,3,5618.654666666666,5612.914,0.9998907127923409,47.34900000000016,5677.485,5565.565,56.18040619587346
workload_transfer_v1,val-c512-o128-k32,failed_requests,,3,0.0,0.0,,0.0,0.0,0.0,0.0
workload_transfer_v1,val-c512-o128-k32,input_tokens,,3,131072.0,131072.0,0.0,0.0,131072.0,131072.0,0.0
workload_transfer_v1,val-c512-o128-k32,j_per_output_token,J/token,3,0.17146773274739582,0.17129254150390624,0.9998907127923409,0.0014449768066406299,0.17326309204101562,0.1698475646972656,0.0017144899351768023
workload_transfer_v1,val-c512-o128-k32,j_per_total_token,J/token,3,0.034293546549479165,0.03425850830078125,0.9998907127923408,0.00028899536132812736,0.03465261840820312,0.03396951293945312,0.0003428979870353604
workload_transfer_v1,val-c512-o128-k32,mean_e2el_ms,ms,3,1191.7166666666665,1188.84,0.4578999723690424,0.5399999999999636,1198.01,1188.3,5.456870287383938
workload_transfer_v1,val-c512-o128-k32,mean_itl_ms,ms,3,7.579999999999999,7.52,1.3710164703711476,0.0,7.7,7.52,0.10392304845413299
workload_transfer_v1,val-c512-o128-k32,mean_tpot_ms,ms,3,7.576666666666667,7.52,1.295418553835066,0.0,7.69,7.52,0.09814954576223685
workload_transfer_v1,val-c512-o128-k32,mean_ttft_ms,ms,3,229.49333333333334,233.38,7.060536487221797,10.02000000000001,243.4,211.7,16.20346053574154
workload_transfer_v1,val-c512-o128-k32,measurement_window_ms,ms,3,9687.18330099849,9672.634116999689,0.705838887662755,45.381175994407386,9761.662844990497,9627.252941005281,68.3759068576199
workload_transfer_v1,val-c512-o128-k32,output_throughput_tok_s,tokens/s,3,3411.1299999999997,3410.13,0.443688679501825,13.610000000000127,3426.74,3396.52,15.134797653090601
workload_transfer_v1,val-c512-o128-k32,output_tokens,,3,32768.0,32768.0,0.0,0.0,32768.0,32768.0,0.0
workload_transfer_v1,val-c512-o128-k32,p50_e2el_ms,ms,3,1184.9233333333334,1180.28,0.7342326397397384,0.75,1194.96,1179.53,8.700093869225434
workload_transfer_v1,val-c512-o128-k32,p50_itl_ms,ms,3,6.583333333333333,6.58,0.08769877506677674,0.0,6.59,6.58,0.005773502691896135
workload_transfer_v1,val-c512-o128-k32,p50_tpot_ms,ms,3,7.3500000000000005,7.25,3.7284869676312193,0.11000000000000032,7.66,7.14,0.27404379212089464
workload_transfer_v1,val-c512-o128-k32,p50_ttft_ms,ms,3,270.01666666666665,272.96,7.986976873666427,17.0,289.96,247.13,21.566168721711627
workload_transfer_v1,val-c512-o128-k32,p95_e2el_ms,ms,3,1264.78,1271.86,1.0682761731294261,1.4200000000000728,1273.28,1249.2,13.511343382506357
workload_transfer_v1,val-c512-o128-k32,p95_itl_ms,ms,3,9.363333333333333,8.73,17.86215538231979,0.6300000000000008,11.26,8.1,1.6724931489645432
workload_transfer_v1,val-c512-o128-k32,p95_tpot_ms,ms,3,8.776666666666666,8.79,0.4743636914848745,0.02000000000000135,8.81,8.73,0.04163331998932248
workload_transfer_v1,val-c512-o128-k32,p95_ttft_ms,ms,3,400.73333333333335,409.93,9.350661803267348,22.819999999999993,432.75,359.52,37.471218732960025
workload_transfer_v1,val-c512-o128-k32,p99_e2el_ms,ms,3,1267.9733333333334,1274.26,0.9927853727825693,1.9200000000000728,1276.18,1253.48,12.588253784116903
workload_transfer_v1,val-c512-o128-k32,p99_itl_ms,ms,3,22.42,21.45,41.982875810776186,7.92,32.28,13.53,9.412560756776022
workload_transfer_v1,val-c512-o128-k32,p99_tpot_ms,ms,3,8.833333333333334,8.85,0.32680203916393213,0.0,8.85,8.8,0.028867513459480673
workload_transfer_v1,val-c512-o128-k32,p99_ttft_ms,ms,3,419.93,412.77,3.57454804093324,2.930000000000007,437.18,409.84,15.010599588290953
workload_transfer_v1,val-c512-o128-k32,request_throughput_req_s,requests/s,3,26.650000000000002,26.64,0.4327415607756402,0.10000000000000142,26.77,26.54,0.11532562594670812
workload_transfer_v1,val-c512-o128-k32,successful_requests,,3,256.0,256.0,0.0,0.0,256.0,256.0,0.0
workload_transfer_v1,val-c512-o128-k32,throughput_tok_s,tokens/s,3,3411.1299999999997,3410.13,0.443688679501825,13.610000000000127,3426.74,3396.52,15.134797653090601
workload_transfer_v1,val-c512-o128-k32,total_throughput_tok_s,tokens/s,3,17055.656666666666,17050.67,0.4437431732964062,68.07999999999811,17133.71,16982.59,75.68331211920672
workload_transfer_v1,val-c512-o128-k32,tpot_ms,ms,3,8.776666666666666,8.79,0.4743636914848745,0.02000000000000135,8.81,8.73,0.04163331998932248
workload_transfer_v1,val-c512-o128-k32,trial_elapsed_ms,ms,3,22581.60922099584,22589.20552599011,0.46411252932364183,93.20294600911438,22682.408471999224,22473.213664998184,104.80407771754452
workload_transfer_v1,val-c512-o128-k32,ttft_ms,ms,3,400.73333333333335,409.93,9.350661803267348,22.819999999999993,432.75,359.52,37.471218732960025
workload_holdout_v2,holdout-c1024-o128-k32,avg_power_w,W,3,621.4873054596037,620.4679670478846,0.3052392454862728,0.1501019020406602,623.6760841850825,620.3178651458439,1.8970231619778617
workload_holdout_v2,holdout-c1024-o128-k32,benchmark_duration_s,s,3,12.463333333333333,12.43,0.6075323183525333,0.019999999999999574,12.55,12.41,0.07571877794400407
workload_holdout_v2,holdout-c1024-o128-k32,energy_j,J,3,7795.815,7789.508,0.7349896080061508,47.577000000000226,7856.006,7741.931,57.2984301093847
workload_holdout_v2,holdout-c1024-o128-k32,failed_requests,,3,0.0,0.0,,0.0,0.0,0.0,0.0
workload_holdout_v2,holdout-c1024-o128-k32,input_tokens,,3,262144.0,262144.0,0.0,0.0,262144.0,262144.0,0.0
workload_holdout_v2,holdout-c1024-o128-k32,j_per_output_token,J/token,3,0.23790939331054686,0.2377169189453125,0.7349896080061508,0.0014519348144531319,0.23974627685546876,0.23626498413085936,0.0017486093173029998
workload_holdout_v2,holdout-c1024-o128-k32,j_per_total_token,J/token,3,0.02643437703450521,0.02641299099392361,0.7349896080061499,0.00016132609049479205,0.026638475206163196,0.02625166490342882,0.00019428992414477754
workload_holdout_v2,holdout-c1024-o128-k32,mean_e2el_ms,ms,3,1552.2600000000002,1548.39,0.5107542780055725,1.3800000000001091,1561.38,1547.01,7.9282343557693
workload_holdout_v2,holdout-c1024-o128-k32,mean_itl_ms,ms,3,9.126666666666667,9.14,0.6694778224917188,0.03999999999999915,9.18,9.06,0.06110100926607754
workload_holdout_v2,holdout-c1024-o128-k32,mean_tpot_ms,ms,3,9.126666666666667,9.14,0.6694778224917188,0.03999999999999915,9.18,9.06,0.06110100926607754
workload_holdout_v2,holdout-c1024-o128-k32,mean_ttft_ms,ms,3,393.1233333333333,395.13,1.1797547106618436,1.2900000000000205,396.42,387.82,4.6378910437108605
workload_holdout_v2,holdout-c1024-o128-k32,measurement_window_ms,ms,3,12543.907116002325,12489.669232993037,0.833857060871702,12.101636981242336,12664.484519002144,12477.567596011795,104.59825519597327
workload_holdout_v2,holdout-c1024-o128-k32,output_throughput_tok_s,tokens/s,3,2629.11,2637.22,0.6315310956825242,2.880000000000109,2640.1,2610.01,16.603647189698812
workload_holdout_v2,holdout-c1024-o128-k32,output_tokens,,3,32768.0,32768.0,0.0,0.0,32768.0,32768.0,0.0
workload_holdout_v2,holdout-c1024-o128-k32,p50_e2el_ms,ms,3,1550.3133333333333,1542.11,1.0878059938224778,2.990000000000009,1569.71,1539.12,16.86440136302905
workload_holdout_v2,holdout-c1024-o128-k32,p50_itl_ms,ms,3,6.89,6.89,0.0,0.0,6.89,6.89,0.0
workload_holdout_v2,holdout-c1024-o128-k32,p50_tpot_ms,ms,3,9.049999999999999,8.99,1.9642418601802398,0.08000000000000007,9.25,8.91,0.17776388834631168
workload_holdout_v2,holdout-c1024-o128-k32,p50_ttft_ms,ms,3,419.06666666666666,416.12,5.467519536989132,18.350000000000023,443.31,397.77,22.91255187300912
workload_holdout_v2,holdout-c1024-o128-k32,p95_e2el_ms,ms,3,1650.3100000000002,1651.25,0.1977309294720823,1.75,1653.0,1646.68,3.2631733021707214
workload_holdout_v2,holdout-c1024-o128-k32,p95_itl_ms,ms,3,10.306666666666667,10.16,16.249903367775797,1.4499999999999993,12.05,8.71,1.6748233737720921
workload_holdout_v2,holdout-c1024-o128-k32,p95_tpot_ms,ms,3,11.536666666666667,11.54,0.13240611658353005,0.010000000000001563,11.55,11.52,0.015275252316519916
workload_holdout_v2,holdout-c1024-o128-k32,p95_ttft_ms,ms,3,666.0766666666667,668.3,1.6226205398292357,7.300000000000068,675.6,654.33,10.807896804343248
workload_holdout_v2,holdout-c1024-o128-k32,p99_e2el_ms,ms,3,1658.1966666666667,1658.65,0.30486539872530466,4.3599999999999,1663.01,1652.93,5.055267879483044
workload_holdout_v2,holdout-c1024-o128-k32,p99_itl_ms,ms,3,140.93666666666667,147.97,10.664070339992909,3.1899999999999977,151.16,123.68,15.029585268174673
workload_holdout_v2,holdout-c1024-o128-k32,p99_tpot_ms,ms,3,11.643333333333333,11.64,0.04958633860775381,0.0,11.65,11.64,0.005773502691896135
workload_holdout_v2,holdout-c1024-o128-k32,p99_ttft_ms,ms,3,753.4066666666668,752.21,0.6083954801528316,2.6700000000000728,758.47,749.54,4.583692107170111
workload_holdout_v2,holdout-c1024-o128-k32,request_throughput_req_s,requests/s,3,20.540000000000003,20.6,0.636645415317526,0.029999999999997584,20.63,20.39,0.13076696830621987
workload_holdout_v2,holdout-c1024-o128-k32,successful_requests,,3,256.0,256.0,0.0,0.0,256.0,256.0,0.0
workload_holdout_v2,holdout-c1024-o128-k32,throughput_tok_s,tokens/s,3,2629.11,2637.22,0.6315310956825242,2.880000000000109,2640.1,2610.01,16.603647189698812
workload_holdout_v2,holdout-c1024-o128-k32,total_throughput_tok_s,tokens/s,3,23661.99666666667,23734.97,0.6314093780474833,25.919999999998254,23760.89,23490.13,149.40406598661625
workload_holdout_v2,holdout-c1024-o128-k32,tpot_ms,ms,3,11.536666666666667,11.54,0.13240611658353005,0.010000000000001563,11.55,11.52,0.015275252316519916
workload_holdout_v2,holdout-c1024-o128-k32,trial_elapsed_ms,ms,3,26124.615451335558,26088.602618008736,0.34837551196770955,31.48190701904241,26228.123025008244,26057.120710989693,91.01176282818561
workload_holdout_v2,holdout-c1024-o128-k32,ttft_ms,ms,3,666.0766666666667,668.3,1.6226205398292357,7.300000000000068,675.6,654.33,10.807896804343248
workload_holdout_v2,holdout-c1024-o128-k8,avg_power_w,W,3,487.7196701067992,487.3522046879467,0.6314655409225078,2.5120977935629867,490.96669873806724,484.8401068943837,3.07978165302537
workload_holdout_v2,holdout-c1024-o128-k8,benchmark_duration_s,s,3,8.183333333333334,8.22,0.9952579814965915,0.019999999999999574,8.24,8.09,0.08144527815247107
workload_holdout_v2,holdout-c1024-o128-k8,energy_j,J,3,4028.562,4026.597,0.9103745232051198,33.6880000000001,4066.18,3992.909,36.67500209952264
workload_holdout_v2,holdout-c1024-o128-k8,failed_requests,,3,0.0,0.0,,0.0,0.0,0.0,0.0
workload_holdout_v2,holdout-c1024-o128-k8,input_tokens,,3,65536.0,65536.0,0.0,0.0,65536.0,65536.0,0.0
workload_holdout_v2,holdout-c1024-o128-k8,j_per_output_token,J/token,3,0.491767822265625,0.4915279541015625,0.9103745232051198,0.0041123046875000124,0.49635986328125,0.4874156494140625,0.004476928967226884
workload_holdout_v2,holdout-c1024-o128-k8,j_per_total_token,J/token,3,0.054640869140625,0.054614217122395836,0.9103745232051218,0.00045692274305556,0.055151095920138886,0.054157294379340276,0.0004974365519140994
workload_holdout_v2,holdout-c1024-o128-k8,mean_e2el_ms,ms,3,1018.32,1022.65,0.8858994698937719,1.7099999999999227,1024.36,1007.95,9.021291481822258
workload_holdout_v2,holdout-c1024-o128-k8,mean_itl_ms,ms,3,6.66,6.63,1.191779869848917,0.03000000000000025,6.75,6.6,0.07937253933193787
workload_holdout_v2,holdout-c1024-o128-k8,mean_tpot_ms,ms,3,6.66,6.63,1.191779869848917,0.03000000000000025,6.75,6.6,0.07937253933193787
workload_holdout_v2,holdout-c1024-o128-k8,mean_ttft_ms,ms,3,172.23000000000002,182.59,11.09926570610988,1.3400000000000034,183.93,150.17,19.116265325633048
workload_holdout_v2,holdout-c1024-o128-k8,measurement_window_ms,ms,3,8260.017882663911,8281.987373993616,0.7156436670926228,23.01244500267785,8304.999818996293,8193.066455001826,59.11229487800243
workload_holdout_v2,holdout-c1024-o128-k8,output_throughput_tok_s,tokens/s,3,1001.3533333333334,996.74,1.0062325616777275,2.330000000000041,1012.91,994.41,10.075943297445313
workload_holdout_v2,holdout-c1024-o128-k8,output_tokens,,3,8192.0,8192.0,0.0,0.0,8192.0,8192.0,0.0
workload_holdout_v2,holdout-c1024-o128-k8,p50_e2el_ms,ms,3,1019.3966666666666,1023.84,1.4579026718416497,7.689999999999941,1031.53,1002.82,14.861811239998048
workload_holdout_v2,holdout-c1024-o128-k8,p50_itl_ms,ms,3,6.400000000000001,6.4,0.0,0.0,6.4,6.4,0.0
workload_holdout_v2,holdout-c1024-o128-k8,p50_tpot_ms,ms,3,6.496666666666667,6.5,0.08886869202508159,0.0,6.5,6.49,0.005773502691896135
workload_holdout_v2,holdout-c1024-o128-k8,p50_ttft_ms,ms,3,195.16333333333333,200.98,11.187571988082,12.52000000000001,213.5,171.01,21.8340384110071
workload_holdout_v2,holdout-c1024-o128-k8,p95_e2el_ms,ms,3,1042.46,1043.43,0.23804382288815368,0.8799999999998818,1044.31,1039.64,2.481511636079847
workload_holdout_v2,holdout-c1024-o128-k8,p95_itl_ms,ms,3,6.726666666666667,6.71,0.8453281520927662,0.03000000000000025,6.79,6.68,0.05686240703077341
workload_holdout_v2,holdout-c1024-o128-k8,p95_tpot_ms,ms,3,7.46,7.46,0.1340482573726513,0.009999999999999787,7.47,7.45,0.009999999999999787
workload_holdout_v2,holdout-c1024-o128-k8,p95_ttft_ms,ms,3,228.0666666666667,224.53,3.3884275611984584,1.789999999999992,236.93,222.74,7.7278737912399516
workload_holdout_v2,holdout-c1024-o128-k8,p99_e2el_ms,ms,3,1043.5266666666666,1044.95,0.27530479282298587,0.4600000000000364,1045.41,1040.22,2.872878927719277
workload_holdout_v2,holdout-c1024-o128-k8,p99_itl_ms,ms,3,12.463333333333333,12.24,3.746512938572868,0.08999999999999986,13.0,12.15,0.46694039591079844
workload_holdout_v2,holdout-c1024-o128-k8,p99_tpot_ms,ms,3,7.48,7.48,0.13368983957219557,0.009999999999999787,7.49,7.47,0.010000000000000231
workload_holdout_v2,holdout-c1024-o128-k8,p99_ttft_ms,ms,3,229.20333333333335,225.8,3.521900246807784,2.410000000000025,238.42,223.39,8.072312762358335
workload_holdout_v2,holdout-c1024-o128-k8,request_throughput_req_s,requests/s,3,7.823333333333333,7.79,0.9678582608948088,0.020000000000000462,7.91,7.77,0.07571877794400388
workload_holdout_v2,holdout-c1024-o128-k8,successful_requests,,3,64.0,64.0,0.0,0.0,64.0,64.0,0.0
workload_holdout_v2,holdout-c1024-o128-k8,throughput_tok_s,tokens/s,3,1001.3533333333334,996.74,1.0062325616777275,2.330000000000041,1012.91,994.41,10.075943297445313
workload_holdout_v2,holdout-c1024-o128-k8,total_throughput_tok_s,tokens/s,3,9012.166666666666,8970.62,1.006335686344321,20.93000000000029,9116.19,8949.69,90.69264927949409
workload_holdout_v2,holdout-c1024-o128-k8,tpot_ms,ms,3,7.46,7.46,0.1340482573726513,0.009999999999999787,7.47,7.45,0.009999999999999787
workload_holdout_v2,holdout-c1024-o128-k8,trial_elapsed_ms,ms,3,20807.370496336564,20797.969221996027,0.2312952760068805,33.33086898783222,20859.503914005472,20764.638353008195,48.12646501927587
workload_holdout_v2,holdout-c1024-o128-k8,ttft_ms,ms,3,228.0666666666667,224.53,3.3884275611984584,1.789999999999992,236.93,222.74,7.7278737912399516
workload_holdout_v2,holdout-c2048-o128-k1,avg_power_w,W,3,440.06956277168484,439.86210554307235,0.8024559803437251,3.215605407783926,443.70008263669394,436.6465001352884,3.5313645241338683
workload_holdout_v2,holdout-c2048-o128-k1,benchmark_duration_s,s,3,6.73,6.73,0.1485884101040153,0.009999999999999787,6.74,6.72,0.010000000000000231
workload_holdout_v2,holdout-c2048-o128-k1,energy_j,J,3,3003.9653333333335,2988.161,0.9661415167334857,1.8859999999999673,3037.46,2986.275,29.02255623361478
workload_holdout_v2,holdout-c2048-o128-k1,failed_requests,,3,0.0,0.0,,0.0,0.0,0.0,0.0
workload_holdout_v2,holdout-c2048-o128-k1,input_tokens,,3,16384.0,16384.0,0.0,0.0,16384.0,16384.0,0.0
workload_holdout_v2,holdout-c2048-o128-k1,j_per_output_token,J/token,3,2.9335598958333335,2.9181259765625,0.9661415167334857,0.001841796874999968,2.96626953125,2.9162841796875,0.028342340071889432
workload_holdout_v2,holdout-c2048-o128-k1,j_per_total_token,J/token,3,0.17256234681372548,0.17165446920955882,0.9661415167334924,0.00010834099264706021,0.1744864430147059,0.17154612821691176,0.0016671964748170367
workload_holdout_v2,holdout-c2048-o128-k1,mean_e2el_ms,ms,3,841.2599999999999,840.49,0.16579180267242016,0.07000000000005002,842.87,840.42,1.3947401191620017
workload_holdout_v2,holdout-c2048-o128-k1,mean_itl_ms,ms,3,6.13,6.13,0.0,0.0,6.13,6.13,0.0
workload_holdout_v2,holdout-c2048-o128-k1,mean_tpot_ms,ms,3,6.13,6.13,0.0,0.0,6.13,6.13,0.0
workload_holdout_v2,holdout-c2048-o128-k1,mean_ttft_ms,ms,3,62.78333333333333,62.09,2.3824877819859047,0.3300000000000054,64.5,61.76,1.4958052457901505
workload_holdout_v2,holdout-c2048-o128-k1,measurement_window_ms,ms,3,6826.089315999222,6839.113559995894,0.41751777494610065,6.636799007537775,6845.750359003432,6793.404028998339,28.500136227993455
workload_holdout_v2,holdout-c2048-o128-k1,output_throughput_tok_s,tokens/s,3,152.13,152.27,0.16512005110209071,0.009999999999990905,152.28,151.84,0.2511971337416106
workload_holdout_v2,holdout-c2048-o128-k1,output_tokens,,3,1024.0,1024.0,0.0,0.0,1024.0,1024.0,0.0
workload_holdout_v2,holdout-c2048-o128-k1,p50_e2el_ms,ms,3,841.6700000000001,840.87,0.18665495713715602,0.21000000000003638,843.48,840.66,1.5710187777363012
workload_holdout_v2,holdout-c2048-o128-k1,p50_itl_ms,ms,3,6.14,6.14,0.0,0.0,6.14,6.14,0.0
workload_holdout_v2,holdout-c2048-o128-k1,p50_tpot_ms,ms,3,6.13,6.13,0.0,0.0,6.13,6.13,0.0
workload_holdout_v2,holdout-c2048-o128-k1,p50_ttft_ms,ms,3,63.64000000000001,62.96,2.4737484166127457,0.4399999999999977,65.44,62.52,1.5742934923323515
workload_holdout_v2,holdout-c2048-o128-k1,p95_e2el_ms,ms,3,844.1366666666667,843.4,0.1563114450284196,0.049999999999954525,845.66,843.35,1.3194822216814002
workload_holdout_v2,holdout-c2048-o128-k1,p95_itl_ms,ms,3,6.263333333333333,6.26,0.09217939369711765,0.0,6.27,6.26,0.005773502691896135
workload_holdout_v2,holdout-c2048-o128-k1,p95_tpot_ms,ms,3,6.133333333333333,6.13,0.09413319606352394,0.0,6.14,6.13,0.005773502691896135
workload_holdout_v2,holdout-c2048-o128-k1,p95_ttft_ms,ms,3,65.79666666666667,65.31,1.7761476368241027,0.35999999999999943,67.13,64.95,1.168645940109032
workload_holdout_v2,holdout-c2048-o128-k1,p99_e2el_ms,ms,3,844.2833333333333,843.59,0.15156314113978167,0.09000000000003183,845.76,843.5,1.2796223401196534
workload_holdout_v2,holdout-c2048-o128-k1,p99_itl_ms,ms,3,6.353333333333333,6.34,0.505962789139187,0.009999999999999787,6.39,6.33,0.03214550253664301
workload_holdout_v2,holdout-c2048-o128-k1,p99_tpot_ms,ms,3,6.14,6.14,0.0,0.0,6.14,6.14,0.0
workload_holdout_v2,holdout-c2048-o128-k1,p99_ttft_ms,ms,3,65.96666666666667,65.32,1.8847022401185058,0.13999999999998636,67.4,65.18,1.2432752443981745
workload_holdout_v2,holdout-c2048-o128-k1,request_throughput_req_s,requests/s,3,1.19,1.19,0.0,0.0,1.19,1.19,0.0
workload_holdout_v2,holdout-c2048-o128-k1,successful_requests,,3,8.0,8.0,0.0,0.0,8.0,8.0,0.0
workload_holdout_v2,holdout-c2048-o128-k1,throughput_tok_s,tokens/s,3,152.13,152.27,0.16512005110209071,0.009999999999990905,152.28,151.84,0.2511971337416106
workload_holdout_v2,holdout-c2048-o128-k1,total_throughput_tok_s,tokens/s,3,2586.153333333333,2588.54,0.16489321284301725,0.15000000000009095,2588.69,2581.23,4.264391320380119
workload_holdout_v2,holdout-c2048-o128-k1,tpot_ms,ms,3,6.133333333333333,6.13,0.09413319606352394,0.0,6.14,6.13,0.005773502691896135
workload_holdout_v2,holdout-c2048-o128-k1,trial_elapsed_ms,ms,3,19895.8345943344,19914.61513499962,0.2278705902856019,14.148096001008525,19928.76323100063,19844.125417002942,45.33675573235678
workload_holdout_v2,holdout-c2048-o128-k1,ttft_ms,ms,3,65.79666666666667,65.31,1.7761476368241027,0.35999999999999943,67.13,64.95,1.168645940109032
workload_holdout_v2,holdout-c2048-o128-k16,avg_power_w,W,3,601.1422936029126,600.7969951993075,0.14168758153391595,0.27957641451894233,602.1124668246417,600.5174187847886,0.8517439773834791
workload_holdout_v2,holdout-c2048-o128-k16,benchmark_duration_s,s,3,12.496666666666668,12.48,0.23100170813134704,0.0,12.53,12.48,0.028867513459480673
workload_holdout_v2,holdout-c2048-o128-k16,energy_j,J,3,7557.467333333334,7556.346,0.27745404965122544,19.263999999999214,7578.974,7537.082,20.96849916740181
workload_holdout_v2,holdout-c2048-o128-k16,failed_requests,,3,0.0,0.0,,0.0,0.0,0.0,0.0
workload_holdout_v2,holdout-c2048-o128-k16,input_tokens,,3,262144.0,262144.0,0.0,0.0,262144.0,262144.0,0.0
workload_holdout_v2,holdout-c2048-o128-k16,j_per_output_token,J/token,3,0.46127119954427087,0.4612027587890625,0.27745404965122544,0.001175781249999952,0.4625838623046875,0.4600269775390625,0.0012798156230103643
workload_holdout_v2,holdout-c2048-o128-k16,j_per_total_token,J/token,3,0.0271335999731924,0.02712957404641544,0.2774540496512275,6.916360294117671e-05,0.0272108154296875,0.027060410443474264,7.528327194178669e-05
workload_holdout_v2,holdout-c2048-o128-k16,mean_e2el_ms,ms,3,1559.1166666666668,1557.29,0.22094083850260443,0.31999999999993634,1563.09,1556.97,3.4447254365671895
workload_holdout_v2,holdout-c2048-o128-k16,mean_itl_ms,ms,3,8.886666666666668,8.88,0.12993629464132334,0.0,8.9,8.88,0.01154700538379227
workload_holdout_v2,holdout-c2048-o128-k16,mean_tpot_ms,ms,3,8.886666666666668,8.88,0.12993629464132334,0.0,8.9,8.88,0.01154700538379227
workload_holdout_v2,holdout-c2048-o128-k16,mean_ttft_ms,ms,3,430.4466666666667,429.22,1.1625276883561135,3.0500000000000114,435.95,426.17,5.004061683605945
workload_holdout_v2,holdout-c2048-o128-k16,measurement_window_ms,ms,3,12571.83478132841,12583.058814998367,0.18466911115562443,4.247406992362812,12587.30622199073,12545.139306996134,23.216295546632814
workload_holdout_v2,holdout-c2048-o128-k16,output_throughput_tok_s,tokens/s,3,1311.34,1312.95,0.23818960972794892,0.37999999999988177,1313.33,1307.74,3.123475628206485
workload_holdout_v2,holdout-c2048-o128-k16,output_tokens,,3,16384.0,16384.0,0.0,0.0,16384.0,16384.0,0.0
workload_holdout_v2,holdout-c2048-o128-k16,p50_e2el_ms,ms,3,1556.51,1555.47,0.153322674932328,0.650000000000091,1559.24,1554.82,2.3864827675891784
workload_holdout_v2,holdout-c2048-o128-k16,p50_itl_ms,ms,3,6.94,6.94,0.0,0.0,6.94,6.94,0.0
workload_holdout_v2,holdout-c2048-o128-k16,p50_tpot_ms,ms,3,8.703333333333333,8.77,1.8467351131736827,0.05000000000000071,8.82,8.52,0.16072751268321617
workload_holdout_v2,holdout-c2048-o128-k16,p50_ttft_ms,ms,3,457.64000000000004,457.66,2.038723904631708,9.299999999999955,466.96,448.3,9.33001607715655
workload_holdout_v2,holdout-c2048-o128-k16,p95_e2el_ms,ms,3,1631.1433333333334,1632.58,0.40362079860669753,4.310000000000173,1636.89,1623.96,6.583633748419906
workload_holdout_v2,holdout-c2048-o128-k16,p95_itl_ms,ms,3,7.513333333333333,7.53,1.5426209982887085,0.08999999999999986,7.62,7.39,0.11590225767142497
workload_holdout_v2,holdout-c2048-o128-k16,p95_tpot_ms,ms,3,11.63,11.63,0.0,0.0,11.63,11.63,0.0
workload_holdout_v2,holdout-c2048-o128-k16,p95_ttft_ms,ms,3,688.8133333333334,685.25,1.1673334294925044,2.080000000000041,698.02,683.17,8.040748306801637
workload_holdout_v2,holdout-c2048-o128-k16,p99_e2el_ms,ms,3,1698.03,1724.47,2.862770050978234,3.2200000000000273,1727.69,1641.93,48.6106942966257
workload_holdout_v2,holdout-c2048-o128-k16,p99_itl_ms,ms,3,128.39000000000001,127.78,0.953957236186813,0.18999999999999773,129.8,127.59,1.2247856955402494
workload_holdout_v2,holdout-c2048-o128-k16,p99_tpot_ms,ms,3,11.693333333333333,11.69,0.1306321463784502,0.009999999999999787,11.71,11.68,0.01527525231652011
workload_holdout_v2,holdout-c2048-o128-k16,p99_ttft_ms,ms,3,719.8299999999999,716.23,1.3850492477390528,4.07000000000005,731.1,712.16,9.970000000000022
workload_holdout_v2,holdout-c2048-o128-k16,request_throughput_req_s,requests/s,3,10.246666666666668,10.26,0.22538071666478077,0.0,10.26,10.22,0.02309401076758454
workload_holdout_v2,holdout-c2048-o128-k16,successful_requests,,3,128.0,128.0,0.0,0.0,128.0,128.0,0.0
workload_holdout_v2,holdout-c2048-o128-k16,throughput_tok_s,tokens/s,3,1311.34,1312.95,0.23818960972794892,0.37999999999988177,1313.33,1307.74,3.123475628206485
workload_holdout_v2,holdout-c2048-o128-k16,total_throughput_tok_s,tokens/s,3,22292.786666666667,22320.14,0.237980007488833,6.440000000002328,22326.58,22231.64,53.0523753788029
workload_holdout_v2,holdout-c2048-o128-k16,tpot_ms,ms,3,11.63,11.63,0.0,0.0,11.63,11.63,0.0
workload_holdout_v2,holdout-c2048-o128-k16,trial_elapsed_ms,ms,3,26253.94208933479,26299.47393000475,0.5128372695704015,60.438667991547845,26359.9125979963,26102.43974000332,134.63999976553896
workload_holdout_v2,holdout-c2048-o128-k16,ttft_ms,ms,3,688.8133333333334,685.25,1.1673334294925044,2.080000000000041,698.02,683.17,8.040748306801637
workload_holdout_v2,holdout-c256-o128-k32,avg_power_w,W,3,547.8986231271302,546.6070988251456,0.587818984141845,1.0829078809887278,551.5645796120881,545.5241909441569,3.2206521205930523
workload_holdout_v2,holdout-c256-o128-k32,benchmark_duration_s,s,3,8.11,8.11,0.12330456226880132,0.009999999999999787,8.12,8.1,0.009999999999999787
workload_holdout_v2,holdout-c256-o128-k32,energy_j,J,3,4485.571666666667,4481.567,0.24277867066704117,4.3159999999998035,4497.897,4477.251,10.890011264150777
workload_holdout_v2,holdout-c256-o128-k32,failed_requests,,3,0.0,0.0,,0.0,0.0,0.0,0.0
workload_holdout_v2,holdout-c256-o128-k32,input_tokens,,3,65536.0,65536.0,0.0,0.0,65536.0,65536.0,0.0
workload_holdout_v2,holdout-c256-o128-k32,j_per_output_token,J/token,3,0.13688878377278646,0.13676657104492188,0.24277867066704117,0.000131713867187494,0.13726492309570312,0.13663485717773438,0.00033233676953585135
workload_holdout_v2,holdout-c256-o128-k32,j_per_total_token,J/token,3,0.04562959459092882,0.045588857014973956,0.24277867066704018,4.390462239582671e-05,0.045754974365234374,0.04554495239257813,0.00011077892317861666
workload_holdout_v2,holdout-c256-o128-k32,mean_e2el_ms,ms,3,1005.2433333333333,1005.39,0.1695846605086965,1.4800000000000182,1006.87,1003.47,1.7047384941196377
workload_holdout_v2,holdout-c256-o128-k32,mean_itl_ms,ms,3,6.82,6.81,0.253966394071685,0.0,6.84,6.81,0.017320508075688915
workload_holdout_v2,holdout-c256-o128-k32,mean_tpot_ms,ms,3,6.82,6.81,0.253966394071685,0.0,6.84,6.81,0.017320508075688915
workload_holdout_v2,holdout-c256-o128-k32,mean_ttft_ms,ms,3,139.04333333333332,140.57,2.4304428672242118,0.8199999999999932,141.39,135.17,3.379368777350785
workload_holdout_v2,holdout-c256-o128-k32,measurement_window_ms,ms,3,8187.064192000737,8207.245571000385,0.6675584547838636,21.511446000658907,8228.757017001044,8125.189988000784,54.653439212283125
workload_holdout_v2,holdout-c256-o128-k32,output_throughput_tok_s,tokens/s,3,4042.06,4041.19,0.11739552535793335,3.380000000000109,4047.18,4037.81,4.745197572282881
workload_holdout_v2,holdout-c256-o128-k32,output_tokens,,3,32768.0,32768.0,0.0,0.0,32768.0,32768.0,0.0
workload_holdout_v2,holdout-c256-o128-k32,p50_e2el_ms,ms,3,1003.5633333333334,1000.49,0.5321536942460993,0.01999999999998181,1009.73,1000.47,5.340499352432629
workload_holdout_v2,holdout-c256-o128-k32,p50_itl_ms,ms,3,6.3933333333333335,6.39,0.09030504731850855,0.0,6.4,6.39,0.005773502691896647
workload_holdout_v2,holdout-c256-o128-k32,p50_tpot_ms,ms,3,6.703333333333333,6.71,1.4942793835223007,0.08999999999999986,6.8,6.6,0.10016652800877822
workload_holdout_v2,holdout-c256-o128-k32,p50_ttft_ms,ms,3,149.19000000000003,154.68,7.316127181300931,1.5900000000000034,156.27,136.62,10.914930141782861
workload_holdout_v2,holdout-c256-o128-k32,p95_e2el_ms,ms,3,1046.8966666666668,1050.94,0.6947560948915084,0.30999999999994543,1051.25,1038.5,7.273378398882706
workload_holdout_v2,holdout-c256-o128-k32,p95_itl_ms,ms,3,7.84,7.78,4.135093132001867,0.23000000000000043,8.19,7.55,0.3241913015489463
workload_holdout_v2,holdout-c256-o128-k32,p95_tpot_ms,ms,3,7.419999999999999,7.42,0.13477088948786775,0.009999999999999787,7.43,7.41,0.009999999999999787
workload_holdout_v2,holdout-c256-o128-k32,p95_ttft_ms,ms,3,227.86666666666667,224.5,4.323292145490627,4.360000000000014,238.96,220.14,9.851341702191307
workload_holdout_v2,holdout-c256-o128-k32,p99_e2el_ms,ms,3,1050.2033333333331,1052.53,0.8142039700680117,4.819999999999936,1057.35,1040.73,8.550797233786593
workload_holdout_v2,holdout-c256-o128-k32,p99_itl_ms,ms,3,13.166666666666666,12.81,6.833051621056044,0.3100000000000005,14.19,12.5,0.8996851301057124
workload_holdout_v2,holdout-c256-o128-k32,p99_tpot_ms,ms,3,7.48,7.48,0.13368983957219557,0.009999999999999787,7.49,7.47,0.010000000000000231
workload_holdout_v2,holdout-c256-o128-k32,p99_ttft_ms,ms,3,229.92333333333332,227.12,4.7232461526992084,6.3799999999999955,241.91,220.74,10.859844995824442
workload_holdout_v2,holdout-c256-o128-k32,request_throughput_req_s,requests/s,3,31.580000000000002,31.57,0.11417198465687177,0.019999999999999574,31.62,31.55,0.036055512754640105
workload_holdout_v2,holdout-c256-o128-k32,successful_requests,,3,256.0,256.0,0.0,0.0,256.0,256.0,0.0
workload_holdout_v2,holdout-c256-o128-k32,throughput_tok_s,tokens/s,3,4042.06,4041.19,0.11739552535793335,3.380000000000109,4047.18,4037.81,4.745197572282881
workload_holdout_v2,holdout-c256-o128-k32,total_throughput_tok_s,tokens/s,3,12126.17,12123.56,0.11739562216964809,10.139999999999418,12141.53,12113.42,14.235592716849217
workload_holdout_v2,holdout-c256-o128-k32,tpot_ms,ms,3,7.419999999999999,7.42,0.13477088948786775,0.009999999999999787,7.43,7.41,0.009999999999999787
workload_holdout_v2,holdout-c256-o128-k32,trial_elapsed_ms,ms,3,20761.907171671435,20789.422069996363,0.3895745599030409,36.02108701306861,20825.44315700943,20670.85628800851,80.88310849151688
workload_holdout_v2,holdout-c256-o128-k32,ttft_ms,ms,3,227.86666666666667,224.5,4.323292145490627,4.360000000000014,238.96,220.14,9.851341702191307
workload_holdout_v2,holdout-c256-o128-k4,avg_power_w,W,3,430.7351423096811,431.2387584782362,0.24512148879987086,0.2061074503509417,431.44486592858715,429.5218025222199,1.0558243936137328
workload_holdout_v2,holdout-c256-o128-k4,benchmark_duration_s,s,3,6.626666666666666,6.63,0.0871252921312294,0.0,6.63,6.62,0.005773502691896135
workload_holdout_v2,holdout-c256-o128-k4,energy_j,J,3,2889.097333333333,2888.713,0.1205373921226157,2.8900000000003274,2892.756,2885.823,3.4824425814840336
workload_holdout_v2,holdout-c256-o128-k4,failed_requests,,3,0.0,0.0,,0.0,0.0,0.0,0.0
workload_holdout_v2,holdout-c256-o128-k4,input_tokens,,3,8192.0,8192.0,0.0,0.0,8192.0,8192.0,0.0
workload_holdout_v2,holdout-c256-o128-k4,j_per_output_token,J/token,3,0.7053460286458333,0.705252197265625,0.1205373921226157,0.0007055664062500799,0.7062392578125,0.704546630859375,0.0008502057083701254
workload_holdout_v2,holdout-c256-o128-k4,j_per_total_token,J/token,3,0.23511534288194444,0.23508406575520835,0.12053739212261755,0.00023518880208336923,0.2354130859375,0.23484887695312498,0.00028340190279004614
workload_holdout_v2,holdout-c256-o128-k4,mean_e2el_ms,ms,3,826.7966666666666,826.58,0.06743185016742001,0.20000000000004547,827.43,826.38,0.5575242894558897
workload_holdout_v2,holdout-c256-o128-k4,mean_itl_ms,ms,3,6.223333333333334,6.22,0.09277186971446139,0.0,6.23,6.22,0.005773502691896647
workload_holdout_v2,holdout-c256-o128-k4,mean_tpot_ms,ms,3,6.223333333333334,6.22,0.09277186971446139,0.0,6.23,6.22,0.005773502691896647
workload_holdout_v2,holdout-c256-o128-k4,mean_ttft_ms,ms,3,36.330000000000005,36.04,1.6517570260035837,0.10999999999999943,37.02,35.93,0.600083327547102
workload_holdout_v2,holdout-c256-o128-k4,measurement_window_ms,ms,3,6707.402225666253,6695.439506002003,0.3550844085446774,3.5015870089409873,6734.829252003692,6691.937918993062,23.81693952171954
workload_holdout_v2,holdout-c256-o128-k4,output_throughput_tok_s,tokens/s,3,617.6733333333333,617.37,0.08929857854791898,0.029999999999972715,618.31,617.34,0.5515735067362161
workload_holdout_v2,holdout-c256-o128-k4,output_tokens,,3,4096.0,4096.0,0.0,0.0,4096.0,4096.0,0.0
workload_holdout_v2,holdout-c256-o128-k4,p50_e2el_ms,ms,3,827.1633333333333,827.47,0.1391572182207097,0.6599999999999682,828.13,825.89,1.151057484808363
workload_holdout_v2,holdout-c256-o128-k4,p50_itl_ms,ms,3,6.2,6.2,0.0,0.0,6.2,6.2,0.0
workload_holdout_v2,holdout-c256-o128-k4,p50_tpot_ms,ms,3,6.213333333333334,6.21,0.09292118066356439,0.0,6.22,6.21,0.005773502691896135
workload_holdout_v2,holdout-c256-o128-k4,p50_ttft_ms,ms,3,38.64,38.73,3.331681270836956,1.1500000000000057,39.88,37.31,1.2873616430513999
workload_holdout_v2,holdout-c256-o128-k4,p95_e2el_ms,ms,3,832.5766666666667,832.72,0.18856102204957104,1.3500000000000227,834.07,830.94,1.5699150720129171
workload_holdout_v2,holdout-c256-o128-k4,p95_itl_ms,ms,3,6.386666666666667,6.37,0.5927879275365584,0.009999999999999787,6.43,6.36,0.03785938897200153
workload_holdout_v2,holdout-c256-o128-k4,p95_tpot_ms,ms,3,6.28,6.28,0.0,0.0,6.28,6.28,0.0
workload_holdout_v2,holdout-c256-o128-k4,p95_ttft_ms,ms,3,44.74333333333334,44.75,2.860790480742996,1.2700000000000031,46.02,43.46,1.2800130207671079
workload_holdout_v2,holdout-c256-o128-k4,p99_e2el_ms,ms,3,833.3066666666667,834.17,0.17944620594272018,0.0,834.17,831.58,1.4953371972010836
workload_holdout_v2,holdout-c256-o128-k4,p99_itl_ms,ms,3,6.926666666666667,6.89,1.8619386065594914,0.0699999999999994,7.07,6.82,0.1289702808143541
workload_holdout_v2,holdout-c256-o128-k4,p99_tpot_ms,ms,3,6.283333333333334,6.28,0.09188598448641062,0.0,6.29,6.28,0.005773502691896135
workload_holdout_v2,holdout-c256-o128-k4,p99_ttft_ms,ms,3,45.18333333333334,45.04,2.4169919531358874,0.8699999999999974,46.34,44.17,1.092077530825232
workload_holdout_v2,holdout-c256-o128-k4,request_throughput_req_s,requests/s,3,4.823333333333333,4.82,0.11969943383336838,0.0,4.83,4.82,0.005773502691896135
workload_holdout_v2,holdout-c256-o128-k4,successful_requests,,3,32.0,32.0,0.0,0.0,32.0,32.0,0.0
workload_holdout_v2,holdout-c256-o128-k4,throughput_tok_s,tokens/s,3,617.6733333333333,617.37,0.08929857854791898,0.029999999999972715,618.31,617.34,0.5515735067362161
workload_holdout_v2,holdout-c256-o128-k4,total_throughput_tok_s,tokens/s,3,1853.0133333333333,1852.1,0.08961035871257413,0.08999999999991815,1854.93,1852.01,1.6604918949918268
workload_holdout_v2,holdout-c256-o128-k4,tpot_ms,ms,3,6.28,6.28,0.0,0.0,6.28,6.28,0.0
workload_holdout_v2,holdout-c256-o128-k4,trial_elapsed_ms,ms,3,18920.933776336216,18877.978527001687,0.5024287600132843,23.050492993206717,19029.894767998485,18854.92803400848,95.06421295538074
workload_holdout_v2,holdout-c256-o128-k4,ttft_ms,ms,3,44.74333333333334,44.75,2.860790480742996,1.2700000000000031,46.02,43.46,1.2800130207671079
workload_holdout_v2,holdout-c512-o128-k1,avg_power_w,W,3,421.6535094960423,420.48529689723284,1.580771639084982,4.835832432064535,428.8257671257258,415.6494644651683,6.665379093319939
workload_holdout_v2,holdout-c512-o128-k1,benchmark_duration_s,s,3,6.39,6.39,0.0,0.0,6.39,6.39,0.0
workload_holdout_v2,holdout-c512-o128-k1,energy_j,J,3,2726.8366666666666,2714.24,1.2655206805471397,13.843999999999596,2765.874,2700.396,34.50868194140894
workload_holdout_v2,holdout-c512-o128-k1,failed_requests,,3,0.0,0.0,,0.0,0.0,0.0,0.0
workload_holdout_v2,holdout-c512-o128-k1,input_tokens,,3,4096.0,4096.0,0.0,0.0,4096.0,4096.0,0.0
workload_holdout_v2,holdout-c512-o128-k1,j_per_output_token,J/token,3,2.6629264322916666,2.650625,1.2655206805471397,0.013519531249999606,2.701048828125,2.63710546875,0.033699884708407166
workload_holdout_v2,holdout-c512-o128-k1,j_per_total_token,J/token,3,0.5325852864583333,0.530125,1.2655206805471462,0.0027039062499999433,0.540209765625,0.52742109375,0.006739976941681466
workload_holdout_v2,holdout-c512-o128-k1,mean_e2el_ms,ms,3,798.4633333333333,798.41,0.017278357250030622,0.049999999999954525,798.62,798.36,0.13796134724383616
workload_holdout_v2,holdout-c512-o128-k1,mean_itl_ms,ms,3,6.11,6.11,0.0,0.0,6.11,6.11,0.0
workload_holdout_v2,holdout-c512-o128-k1,mean_tpot_ms,ms,3,6.11,6.11,0.0,0.0,6.11,6.11,0.0
workload_holdout_v2,holdout-c512-o128-k1,mean_ttft_ms,ms,3,22.676666666666666,22.78,1.5717361091438935,0.18999999999999773,22.97,22.28,0.3564173583501969
workload_holdout_v2,holdout-c512-o128-k1,measurement_window_ms,ms,3,6467.23562166638,6455.017618995043,0.3980306941220291,5.139341999893077,6496.810969008948,6449.87827699515,25.74158283542582
workload_holdout_v2,holdout-c512-o128-k1,output_throughput_tok_s,tokens/s,3,160.27666666666667,160.29,0.02005625847179282,0.010000000000019327,160.3,160.24,0.032145502536640475
workload_holdout_v2,holdout-c512-o128-k1,output_tokens,,3,1024.0,1024.0,0.0,0.0,1024.0,1024.0,0.0
workload_holdout_v2,holdout-c512-o128-k1,p50_e2el_ms,ms,3,798.5533333333333,798.46,0.020243867081273573,0.0,798.74,798.46,0.16165807537307947
workload_holdout_v2,holdout-c512-o128-k1,p50_itl_ms,ms,3,6.113333333333333,6.11,0.09444115635598911,0.0,6.12,6.11,0.005773502691896135
workload_holdout_v2,holdout-c512-o128-k1,p50_tpot_ms,ms,3,6.11,6.11,0.0,0.0,6.11,6.11,0.0
workload_holdout_v2,holdout-c512-o128-k1,p50_ttft_ms,ms,3,22.843333333333334,23.07,1.9899433531695165,0.07000000000000028,23.14,22.32,0.4545693933090232
workload_holdout_v2,holdout-c512-o128-k1,p95_e2el_ms,ms,3,799.6466666666666,799.76,0.030125941399372906,0.049999999999954525,799.81,799.37,0.24090108620203882
workload_holdout_v2,holdout-c512-o128-k1,p95_itl_ms,ms,3,6.203333333333333,6.2,0.09307097300208707,0.0,6.21,6.2,0.005773502691896135
workload_holdout_v2,holdout-c512-o128-k1,p95_tpot_ms,ms,3,6.11,6.11,0.0,0.0,6.11,6.11,0.0
workload_holdout_v2,holdout-c512-o128-k1,p95_ttft_ms,ms,3,23.866666666666664,24.0,1.3078622747049649,0.08999999999999986,24.09,23.51,0.31214312956291823
workload_holdout_v2,holdout-c512-o128-k1,p99_e2el_ms,ms,3,799.79,799.88,0.02977251753533214,0.09000000000003183,799.97,799.52,0.23811761799583292
workload_holdout_v2,holdout-c512-o128-k1,p99_itl_ms,ms,3,6.359999999999999,6.32,1.5162972894642979,0.03000000000000025,6.47,6.29,0.09643650760992933
workload_holdout_v2,holdout-c512-o128-k1,p99_tpot_ms,ms,3,6.11,6.11,0.0,0.0,6.11,6.11,0.0
workload_holdout_v2,holdout-c512-o128-k1,p99_ttft_ms,ms,3,24.02333333333333,24.17,1.1672666453752272,0.029999999999997584,24.2,23.7,0.2804163571073087
workload_holdout_v2,holdout-c512-o128-k1,request_throughput_req_s,requests/s,3,1.25,1.25,0.0,0.0,1.25,1.25,0.0
workload_holdout_v2,holdout-c512-o128-k1,successful_requests,,3,8.0,8.0,0.0,0.0,8.0,8.0,0.0
workload_holdout_v2,holdout-c512-o128-k1,throughput_tok_s,tokens/s,3,160.27666666666667,160.29,0.02005625847179282,0.010000000000019327,160.3,160.24,0.032145502536640475
workload_holdout_v2,holdout-c512-o128-k1,total_throughput_tok_s,tokens/s,3,801.3966666666666,801.45,0.019584570881656518,0.06999999999993634,801.52,801.22,0.15695009822656594
workload_holdout_v2,holdout-c512-o128-k1,tpot_ms,ms,3,6.11,6.11,0.0,0.0,6.11,6.11,0.0
workload_holdout_v2,holdout-c512-o128-k1,trial_elapsed_ms,ms,3,19434.299259330146,19435.658271991997,0.13942326648975295,25.03184300439898,19460.690114996396,19406.549391002045,27.095934846751952
workload_holdout_v2,holdout-c512-o128-k1,ttft_ms,ms,3,23.866666666666664,24.0,1.3078622747049649,0.08999999999999986,24.09,23.51,0.31214312956291823
workload_holdout_v2,holdout-c512-o128-k16,avg_power_w,W,3,511.7152853832581,509.796118279792,0.7040553564713774,0.31772705390812916,515.8713466440986,509.47839122588385,3.602758876623624
workload_holdout_v2,holdout-c512-o128-k16,benchmark_duration_s,s,3,8.083333333333334,8.09,0.25752569065559855,0.009999999999999787,8.1,8.06,0.020816659994660883
workload_holdout_v2,holdout-c512-o128-k16,energy_j,J,3,4168.846666666667,4164.117,0.8271981364910299,27.14600000000064,4205.452,4136.971,34.48462193983509
workload_holdout_v2,holdout-c512-o128-k16,failed_requests,,3,0.0,0.0,,0.0,0.0,0.0,0.0
workload_holdout_v2,holdout-c512-o128-k16,input_tokens,,3,65536.0,65536.0,0.0,0.0,65536.0,65536.0,0.0
workload_holdout_v2,holdout-c512-o128-k16,j_per_output_token,J/token,3,0.2544462076822917,0.25415753173828126,0.8271981364910299,0.001656860351562539,0.256680419921875,0.2525006713867187,0.0021047742883200126
workload_holdout_v2,holdout-c512-o128-k16,j_per_total_token,J/token,3,0.05088924153645833,0.05083150634765625,0.8271981364910277,0.00033137207031250226,0.051336083984375,0.05050013427734375,0.00042095485766400136
workload_holdout_v2,holdout-c512-o128-k16,mean_e2el_ms,ms,3,1004.6733333333333,1003.11,0.32262239590846553,0.6000000000000227,1008.4,1002.51,3.241301179053444
workload_holdout_v2,holdout-c512-o128-k16,mean_itl_ms,ms,3,6.866666666666667,6.87,0.3664968172461519,0.019999999999999574,6.89,6.84,0.025166114784235766
workload_holdout_v2,holdout-c512-o128-k16,mean_tpot_ms,ms,3,6.866666666666667,6.87,0.3664968172461519,0.019999999999999574,6.89,6.84,0.025166114784235766
workload_holdout_v2,holdout-c512-o128-k16,mean_ttft_ms,ms,3,132.25333333333333,129.81,4.650506488592357,2.1099999999999994,139.25,127.7,6.150449848046345
workload_holdout_v2,holdout-c512-o128-k16,measurement_window_ms,ms,3,8146.782232671588,8152.133331997902,0.301169394451879,16.067348013166338,8168.2006800110685,8120.0126860057935,24.53561471745029
workload_holdout_v2,holdout-c512-o128-k16,output_throughput_tok_s,tokens/s,3,2026.7633333333333,2025.06,0.2631323399947218,2.5699999999999363,2032.74,2022.49,5.333069785155023
workload_holdout_v2,holdout-c512-o128-k16,output_tokens,,3,16384.0,16384.0,0.0,0.0,16384.0,16384.0,0.0
workload_holdout_v2,holdout-c512-o128-k16,p50_e2el_ms,ms,3,1002.1333333333333,1001.83,0.5559336840930247,5.110000000000014,1007.85,996.72,5.5711967595242315
workload_holdout_v2,holdout-c512-o128-k16,p50_itl_ms,ms,3,6.45,6.45,0.0,0.0,6.45,6.45,0.0
workload_holdout_v2,holdout-c512-o128-k16,p50_tpot_ms,ms,3,6.686666666666667,6.73,1.2542119267606344,0.009999999999999787,6.74,6.59,0.08386497083606109
workload_holdout_v2,holdout-c512-o128-k16,p50_ttft_ms,ms,3,155.52,152.59,11.72353098195068,13.659999999999997,175.04,138.93,18.232435383129697
workload_holdout_v2,holdout-c512-o128-k16,p95_e2el_ms,ms,3,1032.5966666666666,1030.5,0.7252079738782246,4.119999999999891,1040.91,1026.38,7.488473364667416
workload_holdout_v2,holdout-c512-o128-k16,p95_itl_ms,ms,3,7.079999999999999,7.09,3.321462151498543,0.21999999999999975,7.31,6.84,0.2351595203260968
workload_holdout_v2,holdout-c512-o128-k16,p95_tpot_ms,ms,3,7.476666666666667,7.47,0.15444055350592217,0.0,7.49,7.47,0.011547005383792781
workload_holdout_v2,holdout-c512-o128-k16,p95_ttft_ms,ms,3,207.12666666666667,206.95,1.6986360366348512,3.25,210.73,203.7,3.5183282014805464
workload_holdout_v2,holdout-c512-o128-k16,p99_e2el_ms,ms,3,1035.42,1035.17,0.7540903503242622,7.430000000000064,1043.35,1027.74,7.808002305327476
workload_holdout_v2,holdout-c512-o128-k16,p99_itl_ms,ms,3,14.126666666666667,14.09,10.514437003578106,1.4299999999999997,15.63,12.66,1.4853394673721338
workload_holdout_v2,holdout-c512-o128-k16,p99_tpot_ms,ms,3,7.506666666666667,7.51,0.20348915164101877,0.009999999999999787,7.52,7.49,0.015275252316519142
workload_holdout_v2,holdout-c512-o128-k16,p99_ttft_ms,ms,3,209.51999999999998,208.89,1.387297038636435,1.9099999999999966,212.69,206.98,2.9066647553510583
workload_holdout_v2,holdout-c512-o128-k16,request_throughput_req_s,requests/s,3,15.833333333333334,15.82,0.26294728414309115,0.019999999999999574,15.88,15.8,0.041633319989322765
workload_holdout_v2,holdout-c512-o128-k16,successful_requests,,3,128.0,128.0,0.0,0.0,128.0,128.0,0.0
workload_holdout_v2,holdout-c512-o128-k16,throughput_tok_s,tokens/s,3,2026.7633333333333,2025.06,0.2631323399947218,2.5699999999999363,2032.74,2022.49,5.333069785155023
workload_holdout_v2,holdout-c512-o128-k16,total_throughput_tok_s,tokens/s,3,10133.803333333335,10125.29,0.2630773923989972,12.850000000000364,10163.68,10112.44,26.659745560175995
workload_holdout_v2,holdout-c512-o128-k16,tpot_ms,ms,3,7.476666666666667,7.47,0.15444055350592217,0.0,7.49,7.47,0.011547005383792781
workload_holdout_v2,holdout-c512-o128-k16,trial_elapsed_ms,ms,3,20723.254177665996,20703.97376800247,0.17437725267156245,3.127103002043441,20764.942099995096,20700.846665000427,36.136641299158754
workload_holdout_v2,holdout-c512-o128-k16,ttft_ms,ms,3,207.12666666666667,206.95,1.6986360366348512,3.25,210.73,203.7,3.5183282014805464
scope_confirmation_v3,confirm-c1536-o128-k1,avg_power_w,W,3,430.0572031285364,429.54984173570256,0.86771265680293,2.944660342470911,434.0165862566749,426.60518139323165,3.731660783038996
scope_confirmation_v3,confirm-c1536-o128-k1,benchmark_duration_s,s,3,6.616666666666667,6.62,0.08725696763570984,0.0,6.62,6.61,0.005773502691896135
scope_confirmation_v3,confirm-c1536-o128-k1,energy_j,J,3,2885.857,2868.366,1.0841454446753733,1.1390000000001237,2921.978,2867.227,31.28688720534539
scope_confirmation_v3,confirm-c1536-o128-k1,failed_requests,,3,0.0,0.0,,0.0,0.0,0.0,0.0
scope_confirmation_v3,confirm-c1536-o128-k1,input_tokens,,3,12288.0,12288.0,0.0,0.0,12288.0,12288.0,0.0
scope_confirmation_v3,confirm-c1536-o128-k1,j_per_output_token,J/token,3,2.8182197265625,2.801138671875,1.0841454446753733,0.0011123046875001208,2.853494140625,2.8000263671875,0.030553600786470108
scope_confirmation_v3,confirm-c1536-o128-k1,j_per_total_token,J/token,3,0.2167861328125,0.21547220552884616,1.08414544467537,8.556189903846656e-05,0.21949954927884616,0.2153866436298077,0.0023502769835746164
scope_confirmation_v3,confirm-c1536-o128-k1,mean_e2el_ms,ms,3,827.2466666666666,827.23,0.07436347321350051,0.5900000000000318,827.87,826.64,0.6151693533762423
scope_confirmation_v3,confirm-c1536-o128-k1,mean_itl_ms,ms,3,6.12,6.12,0.0,0.0,6.12,6.12,0.0
scope_confirmation_v3,confirm-c1536-o128-k1,mean_tpot_ms,ms,3,6.12,6.12,0.0,0.0,6.12,6.12,0.0
scope_confirmation_v3,confirm-c1536-o128-k1,mean_ttft_ms,ms,3,49.54333333333333,49.38,0.9232731670165153,0.19000000000000483,50.06,49.19,0.45742030271221557
scope_confirmation_v3,confirm-c1536-o128-k1,measurement_window_ms,ms,3,6710.356764330451,6723.701738999807,0.46143990747414987,8.709169997018762,6732.410908996826,6674.95764499472,30.964264044511793
scope_confirmation_v3,confirm-c1536-o128-k1,output_throughput_tok_s,tokens/s,3,154.70666666666668,154.71,0.07435763994973994,0.10999999999998522,154.82,154.59,0.11503622617824434
scope_confirmation_v3,confirm-c1536-o128-k1,output_tokens,,3,1024.0,1024.0,0.0,0.0,1024.0,1024.0,0.0
scope_confirmation_v3,confirm-c1536-o128-k1,p50_e2el_ms,ms,3,827.85,827.8,0.09255595943463292,0.6899999999999409,828.64,827.11,0.7662245101796087
scope_confirmation_v3,confirm-c1536-o128-k1,p50_itl_ms,ms,3,6.136666666666667,6.14,0.0940820645067268,0.0,6.14,6.13,0.005773502691896135
scope_confirmation_v3,confirm-c1536-o128-k1,p50_tpot_ms,ms,3,6.12,6.12,0.0,0.0,6.12,6.12,0.0
scope_confirmation_v3,confirm-c1536-o128-k1,p50_ttft_ms,ms,3,50.4,50.25,1.8140390269596844,0.6799999999999997,51.38,49.57,0.9142756695876809
scope_confirmation_v3,confirm-c1536-o128-k1,p95_e2el_ms,ms,3,829.7766666666666,829.66,0.08583070398913795,0.5299999999999727,830.54,829.13,0.7122031545376025
scope_confirmation_v3,confirm-c1536-o128-k1,p95_itl_ms,ms,3,6.253333333333333,6.25,0.24427375772685198,0.009999999999999787,6.27,6.24,0.015275252316519142
scope_confirmation_v3,confirm-c1536-o128-k1,p95_tpot_ms,ms,3,6.13,6.13,0.0,0.0,6.13,6.13,0.0
scope_confirmation_v3,confirm-c1536-o128-k1,p95_ttft_ms,ms,3,51.80666666666667,51.82,0.29039464924454805,0.13000000000000256,51.95,51.65,0.15044378795195887
scope_confirmation_v3,confirm-c1536-o128-k1,p99_e2el_ms,ms,3,830.11,829.94,0.09148277504265116,0.4900000000000091,830.94,829.45,0.7594076639065516
scope_confirmation_v3,confirm-c1536-o128-k1,p99_itl_ms,ms,3,6.363333333333333,6.34,0.9208169633969029,0.019999999999999574,6.43,6.32,0.058594652770822916
scope_confirmation_v3,confirm-c1536-o128-k1,p99_tpot_ms,ms,3,6.13,6.13,0.0,0.0,6.13,6.13,0.0
scope_confirmation_v3,confirm-c1536-o128-k1,p99_ttft_ms,ms,3,51.96333333333333,51.86,0.4304599158331521,0.04999999999999716,52.22,51.81,0.22368132093076692
scope_confirmation_v3,confirm-c1536-o128-k1,request_throughput_req_s,requests/s,3,1.21,1.21,0.0,0.0,1.21,1.21,0.0
scope_confirmation_v3,confirm-c1536-o128-k1,successful_requests,,3,8.0,8.0,0.0,0.0,8.0,8.0,0.0
scope_confirmation_v3,confirm-c1536-o128-k1,throughput_tok_s,tokens/s,3,154.70666666666668,154.71,0.07435763994973994,0.10999999999998522,154.82,154.59,0.11503622617824434
scope_confirmation_v3,confirm-c1536-o128-k1,total_throughput_tok_s,tokens/s,3,2011.1533333333334,2011.22,0.07414243976176543,1.3899999999998727,2012.61,2009.63,1.4911181486834044
scope_confirmation_v3,confirm-c1536-o128-k1,tpot_ms,ms,3,6.13,6.13,0.0,0.0,6.13,6.13,0.0
scope_confirmation_v3,confirm-c1536-o128-k1,trial_elapsed_ms,ms,3,19821.44273200053,19831.197791005252,0.21556660946513267,27.252328989561647,19858.450119994814,19774.680285001523,42.72841204444651
scope_confirmation_v3,confirm-c1536-o128-k1,ttft_ms,ms,3,51.80666666666667,51.82,0.29039464924454805,0.13000000000000256,51.95,51.65,0.15044378795195887
scope_confirmation_v3,confirm-c1536-o128-k2,avg_power_w,W,3,449.39244047410835,449.17223901647765,0.2905561425016628,0.9614344310278398,450.7942778203976,448.2108045854498,1.3057373397356504
scope_confirmation_v3,confirm-c1536-o128-k2,benchmark_duration_s,s,3,6.91,6.91,0.1447178002894325,0.009999999999999787,6.92,6.9,0.009999999999999787
scope_confirmation_v3,confirm-c1536-o128-k2,energy_j,J,3,3136.0670000000005,3128.605,0.9407469761991244,17.592999999999847,3168.584,3111.012,29.502455474078598
scope_confirmation_v3,confirm-c1536-o128-k2,failed_requests,,3,0.0,0.0,,0.0,0.0,0.0,0.0
scope_confirmation_v3,confirm-c1536-o128-k2,input_tokens,,3,24576.0,24576.0,0.0,0.0,24576.0,24576.0,0.0
scope_confirmation_v3,confirm-c1536-o128-k2,j_per_output_token,J/token,3,1.5312827148437502,1.52763916015625,0.9407469761991244,0.008590332031249925,1.54716015625,1.519048828125,0.01440549583695244
scope_confirmation_v3,confirm-c1536-o128-k2,j_per_total_token,J/token,3,0.11779097806490385,0.11751070462740384,0.9407469761991268,0.0006607947716346096,0.11901231971153846,0.11684990985576924,0.0011081150643809598
scope_confirmation_v3,confirm-c1536-o128-k2,mean_e2el_ms,ms,3,863.3533333333334,863.38,0.12743825211017318,1.0600000000000591,864.44,862.24,1.1002423975349171
scope_confirmation_v3,confirm-c1536-o128-k2,mean_itl_ms,ms,3,6.286666666666666,6.29,0.09183726445221849,0.0,6.29,6.28,0.005773502691896135
scope_confirmation_v3,confirm-c1536-o128-k2,mean_tpot_ms,ms,3,6.286666666666666,6.29,0.09183726445221849,0.0,6.29,6.28,0.005773502691896135
scope_confirmation_v3,confirm-c1536-o128-k2,mean_ttft_ms,ms,3,65.17,65.17,1.5804818167868668,1.0300000000000011,66.2,64.14,1.0300000000000011
scope_confirmation_v3,confirm-c1536-o128-k2,measurement_window_ms,ms,3,6978.372157997607,6965.267948995461,0.6506975122584149,24.310773995239288,7028.891349997139,6940.9571750002215,45.40809402822429
scope_confirmation_v3,confirm-c1536-o128-k2,output_throughput_tok_s,tokens/s,3,296.29,296.32,0.1504464483311872,0.4000000000000341,296.72,295.83,0.44575778176047454
scope_confirmation_v3,confirm-c1536-o128-k2,output_tokens,,3,2048.0,2048.0,0.0,0.0,2048.0,2048.0,0.0
scope_confirmation_v3,confirm-c1536-o128-k2,p50_e2el_ms,ms,3,862.2366666666667,861.65,0.12087460715754102,0.029999999999972715,863.44,861.62,1.0422251836016099
scope_confirmation_v3,confirm-c1536-o128-k2,p50_itl_ms,ms,3,6.183333333333334,6.18,0.09337201118970319,0.0,6.19,6.18,0.005773502691896647
scope_confirmation_v3,confirm-c1536-o128-k2,p50_tpot_ms,ms,3,6.28,6.28,0.0,0.0,6.28,6.28,0.0
scope_confirmation_v3,confirm-c1536-o128-k2,p50_ttft_ms,ms,3,66.27,66.54,1.135149014326556,0.30999999999998806,66.85,65.42,0.7522632517942086
scope_confirmation_v3,confirm-c1536-o128-k2,p95_e2el_ms,ms,3,875.9966666666666,874.51,0.3779248637313534,0.8199999999999363,879.79,873.69,3.310609208791198
scope_confirmation_v3,confirm-c1536-o128-k2,p95_itl_ms,ms,3,6.3566666666666665,6.36,0.39590112403097694,0.019999999999999574,6.38,6.33,0.025166114784235766
scope_confirmation_v3,confirm-c1536-o128-k2,p95_tpot_ms,ms,3,6.400000000000001,6.4,0.0,0.0,6.4,6.4,0.0
scope_confirmation_v3,confirm-c1536-o128-k2,p95_ttft_ms,ms,3,86.67666666666666,87.63,4.508942175392186,2.3900000000000006,90.02,82.38,3.908200779557434
scope_confirmation_v3,confirm-c1536-o128-k2,p99_e2el_ms,ms,3,879.3833333333333,877.41,0.4337433895141651,0.4499999999999318,883.78,876.96,3.8142670768226483
scope_confirmation_v3,confirm-c1536-o128-k2,p99_itl_ms,ms,3,6.573333333333333,6.55,0.614825337372322,0.0,6.62,6.55,0.04041451884327397
scope_confirmation_v3,confirm-c1536-o128-k2,p99_tpot_ms,ms,3,6.403333333333333,6.4,0.09016401913424468,0.0,6.41,6.4,0.005773502691896135
scope_confirmation_v3,confirm-c1536-o128-k2,p99_ttft_ms,ms,3,92.77,91.95,3.0406930424111587,1.5,95.91,90.45,2.8208509354448315
scope_confirmation_v3,confirm-c1536-o128-k2,request_throughput_req_s,requests/s,3,2.313333333333333,2.31,0.24957504431827676,0.0,2.32,2.31,0.005773502691896135
scope_confirmation_v3,confirm-c1536-o128-k2,successful_requests,,3,16.0,16.0,0.0,0.0,16.0,16.0,0.0
scope_confirmation_v3,confirm-c1536-o128-k2,throughput_tok_s,tokens/s,3,296.29,296.32,0.1504464483311872,0.4000000000000341,296.72,295.83,0.44575778176047454
scope_confirmation_v3,confirm-c1536-o128-k2,total_throughput_tok_s,tokens/s,3,3851.7566666666667,3852.16,0.1512421963860309,5.210000000000036,3857.37,3845.74,5.825481382112037
scope_confirmation_v3,confirm-c1536-o128-k2,tpot_ms,ms,3,6.400000000000001,6.4,0.0,0.0,6.4,6.4,0.0
scope_confirmation_v3,confirm-c1536-o128-k2,trial_elapsed_ms,ms,3,19304.87853633046,19285.654552004416,0.18447560017820172,2.645759013830684,19345.972263996373,19283.008792990586,35.61279054356846
scope_confirmation_v3,confirm-c1536-o128-k2,ttft_ms,ms,3,86.67666666666666,87.63,4.508942175392186,2.3900000000000006,90.02,82.38,3.908200779557434
scope_confirmation_v3,confirm-c1536-o128-k4,avg_power_w,W,3,477.9640722521833,477.7054902906379,0.1730573801809893,0.4083884005398204,478.8896245758139,477.2971018900981,0.8271521016459992
scope_confirmation_v3,confirm-c1536-o128-k4,benchmark_duration_s,s,3,7.576666666666667,7.56,0.6237328147275769,0.019999999999999574,7.63,7.54,0.04725815626252608
scope_confirmation_v3,confirm-c1536-o128-k4,energy_j,J,3,3668.1290000000004,3665.914,0.23512072093392714,5.08600000000024,3677.645,3660.828,8.624531349586453
scope_confirmation_v3,confirm-c1536-o128-k4,failed_requests,,3,0.0,0.0,,0.0,0.0,0.0,0.0
scope_confirmation_v3,confirm-c1536-o128-k4,input_tokens,,3,49152.0,49152.0,0.0,0.0,49152.0,49152.0,0.0
scope_confirmation_v3,confirm-c1536-o128-k4,j_per_output_token,J/token,3,0.8955393066406251,0.89499853515625,0.23512072093392714,0.0012416992187500586,0.897862548828125,0.8937568359375,0.00210559847402013
scope_confirmation_v3,confirm-c1536-o128-k4,j_per_total_token,J/token,3,0.06888763897235577,0.06884604116586539,0.23512072093393147,9.551532451923528e-05,0.06906634990985577,0.06875052584134615,0.0001619691133861668
scope_confirmation_v3,confirm-c1536-o128-k4,mean_e2el_ms,ms,3,945.8933333333334,944.63,0.5602294365224025,3.2899999999999636,951.71,941.34,5.299172891436305
scope_confirmation_v3,confirm-c1536-o128-k4,mean_itl_ms,ms,3,6.473333333333334,6.46,0.35675608806774023,0.0,6.5,6.46,0.023094010767585053
scope_confirmation_v3,confirm-c1536-o128-k4,mean_tpot_ms,ms,3,6.473333333333334,6.46,0.35675608806774023,0.0,6.5,6.46,0.023094010767585053
scope_confirmation_v3,confirm-c1536-o128-k4,mean_ttft_ms,ms,3,123.83999999999999,124.64,2.235226133952965,1.480000000000004,126.12,120.76,2.768104044287352
scope_confirmation_v3,confirm-c1536-o128-k4,measurement_window_ms,ms,3,7674.520466670704,7674.004328000592,0.3957661118453036,29.595653992146254,7705.148398003075,7644.408674008446,30.373151253714692
scope_confirmation_v3,confirm-c1536-o128-k4,output_throughput_tok_s,tokens/s,3,540.5366666666667,541.58,0.6606757996200564,1.8899999999999864,543.47,536.56,3.5711949447395996
scope_confirmation_v3,confirm-c1536-o128-k4,output_tokens,,3,4096.0,4096.0,0.0,0.0,4096.0,4096.0,0.0
scope_confirmation_v3,confirm-c1536-o128-k4,p50_e2el_ms,ms,3,941.9766666666666,942.39,0.36399377246721903,2.7899999999999636,945.18,938.36,3.4287364047609605
scope_confirmation_v3,confirm-c1536-o128-k4,p50_itl_ms,ms,3,6.3,6.3,0.0,0.0,6.3,6.3,0.0
scope_confirmation_v3,confirm-c1536-o128-k4,p50_tpot_ms,ms,3,6.3,6.28,0.5498573992282114,0.0,6.34,6.28,0.03464101615137732
scope_confirmation_v3,confirm-c1536-o128-k4,p50_ttft_ms,ms,3,142.71,143.77,1.8925066070403327,0.9499999999999886,144.72,139.64,2.7007961789072588
scope_confirmation_v3,confirm-c1536-o128-k4,p95_e2el_ms,ms,3,971.6266666666667,966.24,1.006947339680124,0.5199999999999818,982.92,965.72,9.783768871622666
scope_confirmation_v3,confirm-c1536-o128-k4,p95_itl_ms,ms,3,6.52,6.52,0.6134969325153312,0.03999999999999915,6.56,6.48,0.03999999999999959
scope_confirmation_v3,confirm-c1536-o128-k4,p95_tpot_ms,ms,3,7.003333333333333,7.01,0.1648787060988901,0.0,7.01,6.99,0.01154700538379227
scope_confirmation_v3,confirm-c1536-o128-k4,p95_ttft_ms,ms,3,175.17,169.44,5.769858929960075,0.21000000000000796,186.84,169.23,10.107061887611064
scope_confirmation_v3,confirm-c1536-o128-k4,p99_e2el_ms,ms,3,972.3966666666666,966.77,1.0049052155246023,0.029999999999972715,983.68,966.74,9.771664818920716
scope_confirmation_v3,confirm-c1536-o128-k4,p99_itl_ms,ms,3,7.033333333333334,7.03,0.2171836822253961,0.010000000000000675,7.05,7.02,0.015275252316519529
scope_confirmation_v3,confirm-c1536-o128-k4,p99_tpot_ms,ms,3,7.010000000000001,7.01,0.14265335235377727,0.009999999999999787,7.02,7.0,0.009999999999999787
scope_confirmation_v3,confirm-c1536-o128-k4,p99_ttft_ms,ms,3,175.87333333333333,170.05,5.823844352501703,0.18000000000000682,187.7,169.87,10.242589190889827
scope_confirmation_v3,confirm-c1536-o128-k4,request_throughput_req_s,requests/s,3,4.223333333333334,4.23,0.7233742217767664,0.019999999999999574,4.25,4.19,0.03055050463303877
scope_confirmation_v3,confirm-c1536-o128-k4,successful_requests,,3,32.0,32.0,0.0,0.0,32.0,32.0,0.0
scope_confirmation_v3,confirm-c1536-o128-k4,throughput_tok_s,tokens/s,3,540.5366666666667,541.58,0.6606757996200564,1.8899999999999864,543.47,536.56,3.5711949447395996
scope_confirmation_v3,confirm-c1536-o128-k4,total_throughput_tok_s,tokens/s,3,7026.996666666666,7040.57,0.6607739478022887,24.5600000000004,7065.13,6975.29,46.43256328626857
scope_confirmation_v3,confirm-c1536-o128-k4,tpot_ms,ms,3,7.003333333333333,7.01,0.1648787060988901,0.0,7.01,6.99,0.01154700538379227
scope_confirmation_v3,confirm-c1536-o128-k4,trial_elapsed_ms,ms,3,20140.65993366239,20113.55169599119,0.386594432149857,33.57680399494711,20228.45321299974,20079.974891996244,77.86266990177589
scope_confirmation_v3,confirm-c1536-o128-k4,ttft_ms,ms,3,175.17,169.44,5.769858929960075,0.21000000000000796,186.84,169.23,10.107061887611064
scope_confirmation_v3,confirm-c384-o128-k1,avg_power_w,W,3,423.59274260169536,425.90464452485537,1.5421740273394042,2.7502959677486274,428.654940492604,416.2186427876268,6.532537258098002
scope_confirmation_v3,confirm-c384-o128-k1,benchmark_duration_s,s,3,6.37,6.37,0.0,0.0,6.37,6.37,0.0
scope_confirmation_v3,confirm-c384-o128-k1,energy_j,J,3,2732.5553333333337,2742.324,1.8087973757177342,34.04399999999987,2776.368,2678.974,49.42638915936833
scope_confirmation_v3,confirm-c384-o128-k1,failed_requests,,3,0.0,0.0,,0.0,0.0,0.0,0.0
scope_confirmation_v3,confirm-c384-o128-k1,input_tokens,,3,3072.0,3072.0,0.0,0.0,3072.0,3072.0,0.0
scope_confirmation_v3,confirm-c384-o128-k1,j_per_output_token,J/token,3,2.6685110677083337,2.67805078125,1.8087973757177342,0.03324609374999987,2.711296875,2.616185546875,0.04826795816344563
scope_confirmation_v3,confirm-c384-o128-k1,j_per_total_token,J/token,3,0.6671277669270834,0.6695126953125,1.8087973757177342,0.008311523437499968,0.67782421875,0.65404638671875,0.012066989540861408
scope_confirmation_v3,confirm-c384-o128-k1,mean_e2el_ms,ms,3,796.2633333333333,796.3,0.02729402469485402,0.16000000000008185,796.46,796.03,0.2173323108360678
scope_confirmation_v3,confirm-c384-o128-k1,mean_itl_ms,ms,3,6.11,6.11,0.0,0.0,6.11,6.11,0.0
scope_confirmation_v3,confirm-c384-o128-k1,mean_tpot_ms,ms,3,6.11,6.11,0.0,0.0,6.11,6.11,0.0
scope_confirmation_v3,confirm-c384-o128-k1,mean_ttft_ms,ms,3,20.48,20.45,0.8155904828364334,0.120000000000001,20.66,20.33,0.16703293088490156
scope_confirmation_v3,confirm-c384-o128-k1,measurement_window_ms,ms,3,6450.736629660241,6438.821541989455,0.3521270195155274,2.3630929936189204,6476.929897995433,6436.458448995836,22.714786630818992
scope_confirmation_v3,confirm-c384-o128-k1,output_throughput_tok_s,tokens/s,3,160.72,160.71,0.0285127905360628,0.030000000000001137,160.77,160.68,0.045825756949560134
scope_confirmation_v3,confirm-c384-o128-k1,output_tokens,,3,1024.0,1024.0,0.0,0.0,1024.0,1024.0,0.0
scope_confirmation_v3,confirm-c384-o128-k1,p50_e2el_ms,ms,3,796.3966666666666,796.42,0.04590161512195133,0.3300000000000409,796.75,796.02,0.365558932777383
scope_confirmation_v3,confirm-c384-o128-k1,p50_itl_ms,ms,3,6.11,6.11,0.0,0.0,6.11,6.11,0.0
scope_confirmation_v3,confirm-c384-o128-k1,p50_tpot_ms,ms,3,6.11,6.11,0.0,0.0,6.11,6.11,0.0
scope_confirmation_v3,confirm-c384-o128-k1,p50_ttft_ms,ms,3,20.593333333333334,20.48,1.6253503145069177,0.15000000000000213,20.97,20.33,0.33471380810079127
scope_confirmation_v3,confirm-c384-o128-k1,p95_e2el_ms,ms,3,797.4466666666667,797.36,0.042438918035056984,0.20000000000004547,797.82,797.16,0.3384277372399608
scope_confirmation_v3,confirm-c384-o128-k1,p95_itl_ms,ms,3,6.25,6.23,1.3096564434995919,0.05000000000000071,6.34,6.18,0.08185352771872449
scope_confirmation_v3,confirm-c384-o128-k1,p95_tpot_ms,ms,3,6.11,6.11,0.0,0.0,6.11,6.11,0.0
scope_confirmation_v3,confirm-c384-o128-k1,p95_ttft_ms,ms,3,21.72,21.76,1.4819039539071,0.259999999999998,22.02,21.38,0.32186953878862207
scope_confirmation_v3,confirm-c384-o128-k1,p99_e2el_ms,ms,3,797.65,797.47,0.07166855602309427,0.2799999999999727,798.29,797.19,0.5716642371182115
scope_confirmation_v3,confirm-c384-o128-k1,p99_itl_ms,ms,3,6.353333333333334,6.34,2.0542258080222324,0.10999999999999943,6.49,6.23,0.13051181300301254
scope_confirmation_v3,confirm-c384-o128-k1,p99_tpot_ms,ms,3,6.11,6.11,0.0,0.0,6.11,6.11,0.0
scope_confirmation_v3,confirm-c384-o128-k1,p99_ttft_ms,ms,3,21.919999999999998,21.91,2.486627750896285,0.5300000000000011,22.47,21.38,0.5450688029964657
scope_confirmation_v3,confirm-c384-o128-k1,request_throughput_req_s,requests/s,3,1.26,1.26,0.0,0.0,1.26,1.26,0.0
scope_confirmation_v3,confirm-c384-o128-k1,successful_requests,,3,8.0,8.0,0.0,0.0,8.0,8.0,0.0
scope_confirmation_v3,confirm-c384-o128-k1,throughput_tok_s,tokens/s,3,160.72,160.71,0.0285127905360628,0.030000000000001137,160.77,160.68,0.045825756949560134
scope_confirmation_v3,confirm-c384-o128-k1,total_throughput_tok_s,tokens/s,3,642.88,642.85,0.027519608656289492,0.12999999999999545,643.07,642.72,0.1769180601295539
scope_confirmation_v3,confirm-c384-o128-k1,tpot_ms,ms,3,6.11,6.11,0.0,0.0,6.11,6.11,0.0
scope_confirmation_v3,confirm-c384-o128-k1,trial_elapsed_ms,ms,3,19467.05976233837,19478.127941998537,0.3269793751007803,46.32515201228671,19524.453094010823,19398.59825100575,63.653270361389445
scope_confirmation_v3,confirm-c384-o128-k1,ttft_ms,ms,3,21.72,21.76,1.4819039539071,0.259999999999998,22.02,21.38,0.32186953878862207
scope_confirmation_v3,confirm-c384-o128-k2,avg_power_w,W,3,426.2009868321035,426.89818865157275,0.44998676283249583,0.7745195663286495,427.6727082179014,424.0320636268363,1.9178480238059346
scope_confirmation_v3,confirm-c384-o128-k2,benchmark_duration_s,s,3,6.47,6.47,0.15455950540958627,0.009999999999999787,6.48,6.46,0.010000000000000231
scope_confirmation_v3,confirm-c384-o128-k2,energy_j,J,3,2777.675333333333,2772.802,0.5172612703269779,6.423999999999978,2793.846,2766.378,14.367838714759118
scope_confirmation_v3,confirm-c384-o128-k2,failed_requests,,3,0.0,0.0,,0.0,0.0,0.0,0.0
scope_confirmation_v3,confirm-c384-o128-k2,input_tokens,,3,6144.0,6144.0,0.0,0.0,6144.0,6144.0,0.0
scope_confirmation_v3,confirm-c384-o128-k2,j_per_output_token,J/token,3,1.3562867838541666,1.3539072265625,0.5172612703269779,0.0031367187499999893,1.3641826171875,1.3507705078125,0.007015546247440976
scope_confirmation_v3,confirm-c384-o128-k2,j_per_total_token,J/token,3,0.33907169596354164,0.338476806640625,0.5172612703269779,0.0007841796874999973,0.341045654296875,0.337692626953125,0.001753886561860244
scope_confirmation_v3,confirm-c384-o128-k2,mean_e2el_ms,ms,3,807.5766666666667,807.79,0.1332356688486997,0.7400000000000091,808.53,806.41,1.0759801732993675
scope_confirmation_v3,confirm-c384-o128-k2,mean_itl_ms,ms,3,6.16,6.16,0.0,0.0,6.16,6.16,0.0
scope_confirmation_v3,confirm-c384-o128-k2,mean_tpot_ms,ms,3,6.16,6.16,0.0,0.0,6.16,6.16,0.0
scope_confirmation_v3,confirm-c384-o128-k2,mean_ttft_ms,ms,3,25.689999999999998,25.89,4.565433059212379,0.8599999999999994,26.75,24.43,1.17285975291166
scope_confirmation_v3,confirm-c384-o128-k2,measurement_window_ms,ms,3,6517.295450335951,6523.983060003957,0.30068980323761996,8.690047994605266,6532.673107998562,6495.230183005333,19.59684286602953
scope_confirmation_v3,confirm-c384-o128-k2,output_throughput_tok_s,tokens/s,3,316.6433333333334,316.56,0.13302928503718267,0.29000000000002046,317.1,316.27,0.42122836245123657
scope_confirmation_v3,confirm-c384-o128-k2,output_tokens,,3,2048.0,2048.0,0.0,0.0,2048.0,2048.0,0.0
scope_confirmation_v3,confirm-c384-o128-k2,p50_e2el_ms,ms,3,806.77,807.05,0.07224337603479028,0.11000000000001364,807.16,806.1,0.5828378848358775
scope_confirmation_v3,confirm-c384-o128-k2,p50_itl_ms,ms,3,6.1433333333333335,6.14,0.09397996785507293,0.0,6.15,6.14,0.005773502691896647
scope_confirmation_v3,confirm-c384-o128-k2,p50_tpot_ms,ms,3,6.156666666666666,6.16,0.09377643787595238,0.0,6.16,6.15,0.005773502691896135
scope_confirmation_v3,confirm-c384-o128-k2,p50_ttft_ms,ms,3,25.423333333333332,25.75,6.429786768950259,1.120000000000001,26.87,23.65,1.6346661228927872
scope_confirmation_v3,confirm-c384-o128-k2,p95_e2el_ms,ms,3,812.7933333333334,812.64,0.21469906577447243,1.509999999999991,814.61,811.13,1.7450596933438602
scope_confirmation_v3,confirm-c384-o128-k2,p95_itl_ms,ms,3,6.296666666666667,6.3,0.5577370964982943,0.03000000000000025,6.33,6.26,0.0351188458428426
scope_confirmation_v3,confirm-c384-o128-k2,p95_tpot_ms,ms,3,6.169999999999999,6.17,0.0,0.0,6.17,6.17,0.0
scope_confirmation_v3,confirm-c384-o128-k2,p95_ttft_ms,ms,3,32.81666666666667,32.54,5.639136069342114,1.4199999999999982,34.79,31.12,1.8505764867557706
scope_confirmation_v3,confirm-c384-o128-k2,p99_e2el_ms,ms,3,814.77,815.31,0.18465659064378465,0.6200000000000045,815.93,813.07,1.504526503588364
scope_confirmation_v3,confirm-c384-o128-k2,p99_itl_ms,ms,3,6.463333333333334,6.44,1.2017720678422896,0.040000000000000036,6.55,6.4,0.07767453465153999
scope_confirmation_v3,confirm-c384-o128-k2,p99_tpot_ms,ms,3,6.173333333333333,6.17,0.09352326174777756,0.0,6.18,6.17,0.005773502691896135
scope_confirmation_v3,confirm-c384-o128-k2,p99_ttft_ms,ms,3,34.546666666666674,35.09,4.564384901292259,0.6899999999999977,35.78,32.77,1.5768428372330994
scope_confirmation_v3,confirm-c384-o128-k2,request_throughput_req_s,requests/s,3,2.473333333333333,2.47,0.23343002797423726,0.0,2.48,2.47,0.005773502691896135
scope_confirmation_v3,confirm-c384-o128-k2,successful_requests,,3,16.0,16.0,0.0,0.0,16.0,16.0,0.0
scope_confirmation_v3,confirm-c384-o128-k2,throughput_tok_s,tokens/s,3,316.6433333333334,316.56,0.13302928503718267,0.29000000000002046,317.1,316.27,0.42122836245123657
scope_confirmation_v3,confirm-c384-o128-k2,total_throughput_tok_s,tokens/s,3,1266.5633333333333,1266.23,0.13225254069940343,1.150000000000091,1268.38,1265.08,1.6750621879003875
scope_confirmation_v3,confirm-c384-o128-k2,tpot_ms,ms,3,6.169999999999999,6.17,0.0,0.0,6.17,6.17,0.0
scope_confirmation_v3,confirm-c384-o128-k2,trial_elapsed_ms,ms,3,18743.75145599576,18765.869926006417,0.45011125658303114,48.986731984768994,18814.856657991186,18650.527783989673,84.3677352093827
scope_confirmation_v3,confirm-c384-o128-k2,ttft_ms,ms,3,32.81666666666667,32.54,5.639136069342114,1.4199999999999982,34.79,31.12,1.8505764867557706
scope_confirmation_v3,confirm-c384-o128-k4,avg_power_w,W,3,443.23563425736285,443.08310923467525,0.5796611182160769,2.3370793461744483,445.8777636489125,440.7460298885008,2.5692646338683502
scope_confirmation_v3,confirm-c384-o128-k4,benchmark_duration_s,s,3,6.706666666666667,6.7,0.17217204846608752,0.0,6.72,6.7,0.01154700538379227
scope_confirmation_v3,confirm-c384-o128-k4,energy_j,J,3,3003.023333333333,2996.928,0.7013992606372784,11.248000000000047,3026.462,2985.68,21.06318345676495
scope_confirmation_v3,confirm-c384-o128-k4,failed_requests,,3,0.0,0.0,,0.0,0.0,0.0,0.0
scope_confirmation_v3,confirm-c384-o128-k4,input_tokens,,3,12288.0,12288.0,0.0,0.0,12288.0,12288.0,0.0
scope_confirmation_v3,confirm-c384-o128-k4,j_per_output_token,J/token,3,0.7331599934895833,0.731671875,0.7013992606372784,0.0027460937500000115,0.73888232421875,0.72892578125,0.005142378773624255
scope_confirmation_v3,confirm-c384-o128-k4,j_per_total_token,J/token,3,0.18328999837239582,0.18291796875,0.7013992606372784,0.0006865234375000029,0.1847205810546875,0.1822314453125,0.0012855946934060638
scope_confirmation_v3,confirm-c384-o128-k4,mean_e2el_ms,ms,3,836.39,835.88,0.16698844104944938,0.5599999999999454,837.97,835.32,1.3966746220934896
scope_confirmation_v3,confirm-c384-o128-k4,mean_itl_ms,ms,3,6.246666666666667,6.25,0.09242533658318251,0.0,6.25,6.24,0.005773502691896135
scope_confirmation_v3,confirm-c384-o128-k4,mean_tpot_ms,ms,3,6.246666666666667,6.25,0.09242533658318251,0.0,6.25,6.24,0.005773502691896135
scope_confirmation_v3,confirm-c384-o128-k4,mean_ttft_ms,ms,3,42.86666666666667,43.15,4.087710421372657,1.3100000000000023,44.46,40.99,1.7522652006284125
scope_confirmation_v3,confirm-c384-o128-k4,measurement_window_ms,ms,3,6775.201916660687,6774.150638986612,0.17647744108593083,10.345073984353803,6787.64954599319,6763.805565002258,11.95670297092772
scope_confirmation_v3,confirm-c384-o128-k4,output_throughput_tok_s,tokens/s,3,610.4866666666667,611.12,0.18682485133091428,0.049999999999954525,611.17,609.17,1.1405408073950543
scope_confirmation_v3,confirm-c384-o128-k4,output_tokens,,3,4096.0,4096.0,0.0,0.0,4096.0,4096.0,0.0
scope_confirmation_v3,confirm-c384-o128-k4,p50_e2el_ms,ms,3,835.7966666666666,835.18,0.18319697957321568,0.5099999999999909,837.54,834.67,1.5311542487069507
scope_confirmation_v3,confirm-c384-o128-k4,p50_itl_ms,ms,3,6.21,6.21,0.0,0.0,6.21,6.21,0.0
scope_confirmation_v3,confirm-c384-o128-k4,p50_tpot_ms,ms,3,6.239999999999999,6.24,0.16025641025640686,0.009999999999999787,6.25,6.23,0.009999999999999787
scope_confirmation_v3,confirm-c384-o128-k4,p50_ttft_ms,ms,3,45.25333333333333,46.58,7.575696399841482,1.240000000000002,47.82,41.36,3.4282551441415987
scope_confirmation_v3,confirm-c384-o128-k4,p95_e2el_ms,ms,3,844.7333333333332,844.77,0.00751817492039303,0.0,844.77,844.66,0.06350852961086671
scope_confirmation_v3,confirm-c384-o128-k4,p95_itl_ms,ms,3,6.359999999999999,6.36,0.15723270440251938,0.009999999999999787,6.37,6.35,0.010000000000000231
scope_confirmation_v3,confirm-c384-o128-k4,p95_tpot_ms,ms,3,6.326666666666667,6.33,0.24144234430747563,0.009999999999999787,6.34,6.31,0.015275252316519626
scope_confirmation_v3,confirm-c384-o128-k4,p95_ttft_ms,ms,3,55.36666666666667,56.19,3.205090162345123,0.39000000000000057,56.58,53.33,1.7745515865517498
scope_confirmation_v3,confirm-c384-o128-k4,p99_e2el_ms,ms,3,845.0233333333334,845.01,0.022526070736144037,0.16999999999995907,845.22,844.84,0.1903505538035889
scope_confirmation_v3,confirm-c384-o128-k4,p99_itl_ms,ms,3,7.706666666666666,7.23,15.184618054053653,0.3800000000000008,9.04,6.85,1.1702278980324015
scope_confirmation_v3,confirm-c384-o128-k4,p99_tpot_ms,ms,3,6.329999999999999,6.34,0.2736257199950856,0.0,6.34,6.31,0.017320508075688915
scope_confirmation_v3,confirm-c384-o128-k4,p99_ttft_ms,ms,3,55.92666666666667,56.99,3.5279719686618285,0.14999999999999858,57.14,53.65,1.9730771230069388
scope_confirmation_v3,confirm-c384-o128-k4,request_throughput_req_s,requests/s,3,4.766666666666667,4.77,0.12112243409572311,0.0,4.77,4.76,0.005773502691896135
scope_confirmation_v3,confirm-c384-o128-k4,successful_requests,,3,32.0,32.0,0.0,0.0,32.0,32.0,0.0
scope_confirmation_v3,confirm-c384-o128-k4,throughput_tok_s,tokens/s,3,610.4866666666667,611.12,0.18682485133091428,0.049999999999954525,611.17,609.17,1.1405408073950543
scope_confirmation_v3,confirm-c384-o128-k4,total_throughput_tok_s,tokens/s,3,2441.94,2444.48,0.18693917528275014,0.19000000000005457,2444.67,2436.67,4.564942496899589
scope_confirmation_v3,confirm-c384-o128-k4,tpot_ms,ms,3,6.326666666666667,6.33,0.24144234430747563,0.009999999999999787,6.34,6.31,0.015275252316519626
scope_confirmation_v3,confirm-c384-o128-k4,trial_elapsed_ms,ms,3,19040.669617665117,19033.80301699508,0.2015560567552062,27.61420300521422,19082.017022010405,19006.188813989866,38.3776228611524
scope_confirmation_v3,confirm-c384-o128-k4,ttft_ms,ms,3,55.36666666666667,56.19,3.205090162345123,0.39000000000000057,56.58,53.33,1.7745515865517498
scope_confirmation_v3,confirm-c768-o128-k1,avg_power_w,W,3,425.861930396062,425.5467762180026,0.6700793696789216,2.3677995262835907,428.86003827846446,423.178976691719,2.85361293890042
scope_confirmation_v3,confirm-c768-o128-k1,benchmark_duration_s,s,3,6.45,6.45,0.0,0.0,6.45,6.45,0.0
scope_confirmation_v3,confirm-c768-o128-k1,energy_j,J,3,2775.864666666667,2772.954,0.6837555909502067,14.446000000000367,2796.132,2758.508,18.98012985554465
scope_confirmation_v3,confirm-c768-o128-k1,failed_requests,,3,0.0,0.0,,0.0,0.0,0.0,0.0
scope_confirmation_v3,confirm-c768-o128-k1,input_tokens,,3,6144.0,6144.0,0.0,0.0,6144.0,6144.0,0.0
scope_confirmation_v3,confirm-c768-o128-k1,j_per_output_token,J/token,3,2.710805338541667,2.707962890625,0.6837555909502067,0.014107421875000359,2.73059765625,2.69385546875,0.018535283062055322
scope_confirmation_v3,confirm-c768-o128-k1,j_per_total_token,J/token,3,0.3872579055059524,0.3868518415178572,0.6837555909502084,0.0020153459821429243,0.39008537946428573,0.38483649553571425,0.0026478975802936245
scope_confirmation_v3,confirm-c768-o128-k1,mean_e2el_ms,ms,3,806.2399999999999,806.16,0.020493539940782343,0.029999999999972715,806.43,806.13,0.16522711641856352
scope_confirmation_v3,confirm-c768-o128-k1,mean_itl_ms,ms,3,6.11,6.11,0.0,0.0,6.11,6.11,0.0
scope_confirmation_v3,confirm-c768-o128-k1,mean_tpot_ms,ms,3,6.11,6.11,0.0,0.0,6.11,6.11,0.0
scope_confirmation_v3,confirm-c768-o128-k1,mean_ttft_ms,ms,3,30.09,30.09,0.49850448654037416,0.14999999999999858,30.24,29.94,0.14999999999999858
scope_confirmation_v3,confirm-c768-o128-k1,measurement_window_ms,ms,3,6518.223032995593,6518.537431998993,0.02871057953792877,1.3799079897580668,6519.917339988751,6516.214326999034,1.8714196083477928
scope_confirmation_v3,confirm-c768-o128-k1,output_throughput_tok_s,tokens/s,3,158.73333333333332,158.75,0.018186169756082227,0.0,158.75,158.7,0.02886751345948785
scope_confirmation_v3,confirm-c768-o128-k1,output_tokens,,3,1024.0,1024.0,0.0,0.0,1024.0,1024.0,0.0
scope_confirmation_v3,confirm-c768-o128-k1,p50_e2el_ms,ms,3,806.3333333333334,806.24,0.06159015154053396,0.35000000000002274,806.87,805.89,0.49662192192183885
scope_confirmation_v3,confirm-c768-o128-k1,p50_itl_ms,ms,3,6.116666666666667,6.12,0.09438968978576787,0.0,6.12,6.11,0.005773502691896135
scope_confirmation_v3,confirm-c768-o128-k1,p50_tpot_ms,ms,3,6.11,6.11,0.0,0.0,6.11,6.11,0.0
scope_confirmation_v3,confirm-c768-o128-k1,p50_ttft_ms,ms,3,30.103333333333335,29.96,1.5346754152725965,0.23000000000000043,30.62,29.73,0.4619884558442273
scope_confirmation_v3,confirm-c768-o128-k1,p95_e2el_ms,ms,3,807.6766666666666,807.75,0.020167792760088447,0.03999999999996362,807.79,807.49,0.1628905563049237
scope_confirmation_v3,confirm-c768-o128-k1,p95_itl_ms,ms,3,6.246666666666667,6.24,0.6469773560822917,0.03000000000000025,6.29,6.21,0.04041451884327382
scope_confirmation_v3,confirm-c768-o128-k1,p95_tpot_ms,ms,3,6.113333333333333,6.11,0.09444115635598911,0.0,6.12,6.11,0.005773502691896135
scope_confirmation_v3,confirm-c768-o128-k1,p95_ttft_ms,ms,3,31.483333333333334,31.46,0.3084976661584654,0.060000000000002274,31.59,31.4,0.09712534856222353
scope_confirmation_v3,confirm-c768-o128-k1,p99_e2el_ms,ms,3,807.91,807.91,0.0012377616318638097,0.009999999999990905,807.92,807.9,0.009999999999990905
scope_confirmation_v3,confirm-c768-o128-k1,p99_itl_ms,ms,3,6.3566666666666665,6.32,1.2812576531589546,0.020000000000000462,6.45,6.3,0.08144527815247088
scope_confirmation_v3,confirm-c768-o128-k1,p99_tpot_ms,ms,3,6.113333333333333,6.11,0.09444115635598911,0.0,6.12,6.11,0.005773502691896135
scope_confirmation_v3,confirm-c768-o128-k1,p99_ttft_ms,ms,3,31.626666666666665,31.64,0.2869025630020273,0.07000000000000028,31.71,31.53,0.0907377172587745
scope_confirmation_v3,confirm-c768-o128-k1,request_throughput_req_s,requests/s,3,1.24,1.24,0.0,0.0,1.24,1.24,0.0
scope_confirmation_v3,confirm-c768-o128-k1,successful_requests,,3,8.0,8.0,0.0,0.0,8.0,8.0,0.0
scope_confirmation_v3,confirm-c768-o128-k1,throughput_tok_s,tokens/s,3,158.73333333333332,158.75,0.018186169756082227,0.0,158.75,158.7,0.02886751345948785
scope_confirmation_v3,confirm-c768-o128-k1,total_throughput_tok_s,tokens/s,3,1111.1266666666668,1111.22,0.01858279663998016,0.049999999999954525,1111.27,1110.89,0.20647840887925692
scope_confirmation_v3,confirm-c768-o128-k1,tpot_ms,ms,3,6.113333333333333,6.11,0.09444115635598911,0.0,6.12,6.11,0.005773502691896135
scope_confirmation_v3,confirm-c768-o128-k1,trial_elapsed_ms,ms,3,19503.32771600127,19475.950796011603,0.33604364657430574,20.035599009133875,19578.11715498974,19455.91519700247,65.53969366018792
scope_confirmation_v3,confirm-c768-o128-k1,ttft_ms,ms,3,31.483333333333334,31.46,0.3084976661584654,0.060000000000002274,31.59,31.4,0.09712534856222353
scope_confirmation_v3,confirm-c768-o128-k2,avg_power_w,W,3,435.78302474112667,436.1762975038915,0.21493838276860855,0.2826409667902112,436.4589384706817,434.7138382488069,0.9366649857587029
scope_confirmation_v3,confirm-c768-o128-k2,benchmark_duration_s,s,3,6.596666666666667,6.6,0.0875215162995877,0.0,6.6,6.59,0.005773502691896135
scope_confirmation_v3,confirm-c768-o128-k2,energy_j,J,3,2909.134666666667,2905.71,0.2602839511019452,1.8299999999999272,2917.814,2903.88,7.572010653276403
scope_confirmation_v3,confirm-c768-o128-k2,failed_requests,,3,0.0,0.0,,0.0,0.0,0.0,0.0
scope_confirmation_v3,confirm-c768-o128-k2,input_tokens,,3,12288.0,12288.0,0.0,0.0,12288.0,12288.0,0.0
scope_confirmation_v3,confirm-c768-o128-k2,j_per_output_token,J/token,3,1.4204759114583334,1.4188037109375,0.2602839511019452,0.0008935546874999645,1.4247138671875,1.41791015625,0.003697270826795119
scope_confirmation_v3,confirm-c768-o128-k2,j_per_total_token,J/token,3,0.20292513020833333,0.20268624441964286,0.26028395110194674,0.0001276506696428481,0.20353055245535714,0.20255859375000002,0.0005281815466850201
scope_confirmation_v3,confirm-c768-o128-k2,mean_e2el_ms,ms,3,824.0266666666666,824.11,0.09929157517641422,0.6899999999999409,824.8,823.17,0.8181890572070336
scope_confirmation_v3,confirm-c768-o128-k2,mean_itl_ms,ms,3,6.169999999999999,6.17,0.0,0.0,6.17,6.17,0.0
scope_confirmation_v3,confirm-c768-o128-k2,mean_tpot_ms,ms,3,6.169999999999999,6.17,0.0,0.0,6.17,6.17,0.0
scope_confirmation_v3,confirm-c768-o128-k2,mean_ttft_ms,ms,3,40.333333333333336,40.39,2.098571528170633,0.759999999999998,41.15,39.46,0.8464238496954888
scope_confirmation_v3,confirm-c768-o128-k2,measurement_window_ms,ms,3,6675.6948500066455,6661.778773006517,0.4757053787508802,8.50685199839063,6712.033856005291,6653.271921008127,31.756639470477115
scope_confirmation_v3,confirm-c768-o128-k2,output_throughput_tok_s,tokens/s,3,310.47,310.45,0.10000434628956217,0.2799999999999727,310.79,310.17,0.3104834939252037
scope_confirmation_v3,confirm-c768-o128-k2,output_tokens,,3,2048.0,2048.0,0.0,0.0,2048.0,2048.0,0.0
scope_confirmation_v3,confirm-c768-o128-k2,p50_e2el_ms,ms,3,823.4466666666667,823.36,0.08187426100113004,0.5399999999999636,824.16,822.82,0.674190873071772
scope_confirmation_v3,confirm-c768-o128-k2,p50_itl_ms,ms,3,6.16,6.16,0.0,0.0,6.16,6.16,0.0
scope_confirmation_v3,confirm-c768-o128-k2,p50_tpot_ms,ms,3,6.169999999999999,6.17,0.0,0.0,6.17,6.17,0.0
scope_confirmation_v3,confirm-c768-o128-k2,p50_ttft_ms,ms,3,40.13666666666666,39.88,2.1047293732725074,0.4299999999999997,41.08,39.45,0.8447682127858086
scope_confirmation_v3,confirm-c768-o128-k2,p95_e2el_ms,ms,3,828.61,829.29,0.24006114836473036,0.8799999999999955,830.17,826.37,1.989170681464992
scope_confirmation_v3,confirm-c768-o128-k2,p95_itl_ms,ms,3,6.3133333333333335,6.32,0.32972534310445695,0.009999999999999787,6.33,6.29,0.020816659994661382
scope_confirmation_v3,confirm-c768-o128-k2,p95_tpot_ms,ms,3,6.19,6.19,0.0,0.0,6.19,6.19,0.0
scope_confirmation_v3,confirm-c768-o128-k2,p95_ttft_ms,ms,3,44.61666666666667,45.3,2.8689122617118517,0.10999999999999943,45.41,43.14,1.2800130207671045
scope_confirmation_v3,confirm-c768-o128-k2,p99_e2el_ms,ms,3,832.06,832.76,0.2305490643518805,0.7699999999999818,833.53,829.89,1.9183065448462566
scope_confirmation_v3,confirm-c768-o128-k2,p99_itl_ms,ms,3,6.53,6.55,0.6675189806340937,0.009999999999999787,6.56,6.48,0.04358898943540632
scope_confirmation_v3,confirm-c768-o128-k2,p99_tpot_ms,ms,3,6.19,6.19,0.0,0.0,6.19,6.19,0.0
scope_confirmation_v3,confirm-c768-o128-k2,p99_ttft_ms,ms,3,49.46333333333333,50.5,4.1845925530161265,0.3100000000000023,50.81,47.08,2.06983896314021
scope_confirmation_v3,confirm-c768-o128-k2,request_throughput_req_s,requests/s,3,2.4266666666666667,2.43,0.23791906697375234,0.0,2.43,2.42,0.005773502691896391
scope_confirmation_v3,confirm-c768-o128-k2,successful_requests,,3,16.0,16.0,0.0,0.0,16.0,16.0,0.0
scope_confirmation_v3,confirm-c768-o128-k2,throughput_tok_s,tokens/s,3,310.47,310.45,0.10000434628956217,0.2799999999999727,310.79,310.17,0.3104834939252037
scope_confirmation_v3,confirm-c768-o128-k2,total_throughput_tok_s,tokens/s,3,2173.29,2173.12,0.09938954985410677,1.900000000000091,2175.53,2171.22,2.160023148024317
scope_confirmation_v3,confirm-c768-o128-k2,tpot_ms,ms,3,6.19,6.19,0.0,0.0,6.19,6.19,0.0
scope_confirmation_v3,confirm-c768-o128-k2,trial_elapsed_ms,ms,3,18912.502563670085,18918.104582000524,0.5573249673686513,96.88936099701095,19014.993942997535,18804.409166012192,105.40409874156964
scope_confirmation_v3,confirm-c768-o128-k2,ttft_ms,ms,3,44.61666666666667,45.3,2.8689122617118517,0.10999999999999943,45.41,43.14,1.2800130207671045
scope_confirmation_v3,confirm-c768-o128-k4,avg_power_w,W,3,452.6974620819235,453.5325275619919,0.5694005538204638,1.2215359472454566,454.75406350923737,449.8057951745412,2.5776618562256566
scope_confirmation_v3,confirm-c768-o128-k4,benchmark_duration_s,s,3,6.986666666666667,7.01,0.7060423944154929,0.009999999999999787,7.02,6.93,0.04932882862316244
scope_confirmation_v3,confirm-c768-o128-k4,energy_j,J,3,3197.372,3204.828,0.5293739025746199,4.461999999999989,3209.29,3177.998,16.926052936228174
scope_confirmation_v3,confirm-c768-o128-k4,failed_requests,,3,0.0,0.0,,0.0,0.0,0.0,0.0
scope_confirmation_v3,confirm-c768-o128-k4,input_tokens,,3,24576.0,24576.0,0.0,0.0,24576.0,24576.0,0.0
scope_confirmation_v3,confirm-c768-o128-k4,j_per_output_token,J/token,3,0.7806083984375,0.7824287109375,0.5293739025746199,0.0010893554687499973,0.78351806640625,0.77587841796875,0.004132337142633832
scope_confirmation_v3,confirm-c768-o128-k4,j_per_total_token,J/token,3,0.11151548549107143,0.11177553013392857,0.5293739025746208,0.00015562220982141828,0.11193115234374999,0.11083977399553571,0.0005903338775191199
scope_confirmation_v3,confirm-c768-o128-k4,mean_e2el_ms,ms,3,871.4566666666666,873.9,0.6553888768921056,1.6399999999999864,875.54,864.93,5.711430060268046
scope_confirmation_v3,confirm-c768-o128-k4,mean_itl_ms,ms,3,6.333333333333333,6.33,0.09116056881941266,0.0,6.34,6.33,0.005773502691896135
scope_confirmation_v3,confirm-c768-o128-k4,mean_tpot_ms,ms,3,6.333333333333333,6.33,0.09116056881941266,0.0,6.34,6.33,0.005773502691896135
scope_confirmation_v3,confirm-c768-o128-k4,mean_ttft_ms,ms,3,66.80666666666666,69.55,9.666545715755865,1.8900000000000006,71.44,59.43,6.4578969745059664
scope_confirmation_v3,confirm-c768-o128-k4,measurement_window_ms,ms,3,7063.170040666591,7076.206897996599,0.9795973231035737,48.70797500188928,7124.914872998488,6988.388351004687,69.19062464462353
scope_confirmation_v3,confirm-c768-o128-k4,output_throughput_tok_s,tokens/s,3,586.34,584.35,0.7404736531856966,1.0,591.32,583.35,4.341693218089014
scope_confirmation_v3,confirm-c768-o128-k4,output_tokens,,3,4096.0,4096.0,0.0,0.0,4096.0,4096.0,0.0
scope_confirmation_v3,confirm-c768-o128-k4,p50_e2el_ms,ms,3,870.1666666666666,873.51,0.8098760397881297,1.4099999999999682,874.92,862.07,7.047271339556375
scope_confirmation_v3,confirm-c768-o128-k4,p50_itl_ms,ms,3,6.239999999999999,6.24,0.0,0.0,6.24,6.24,0.0
scope_confirmation_v3,confirm-c768-o128-k4,p50_tpot_ms,ms,3,6.3,6.3,0.15873015873015534,0.009999999999999787,6.31,6.29,0.009999999999999787
scope_confirmation_v3,confirm-c768-o128-k4,p50_ttft_ms,ms,3,72.00333333333333,77.48,13.391282164576277,0.1799999999999926,77.66,60.87,9.64216953456707
scope_confirmation_v3,confirm-c768-o128-k4,p95_e2el_ms,ms,3,884.6,883.96,0.5192811112803289,3.6000000000000227,889.48,880.36,4.59356071038579
scope_confirmation_v3,confirm-c768-o128-k4,p95_itl_ms,ms,3,6.403333333333333,6.39,0.3606560765369868,0.0,6.43,6.39,0.023094010767585053
scope_confirmation_v3,confirm-c768-o128-k4,p95_tpot_ms,ms,3,6.536666666666666,6.55,0.35329950179885344,0.0,6.55,6.51,0.023094010767585053
scope_confirmation_v3,confirm-c768-o128-k4,p95_ttft_ms,ms,3,90.91333333333334,89.34,6.7462761153852995,3.6200000000000045,97.68,85.72,6.133264492367289
scope_confirmation_v3,confirm-c768-o128-k4,p99_e2el_ms,ms,3,885.1700000000001,884.19,0.5284451905266846,3.130000000000109,890.26,881.06,4.677638292985054
scope_confirmation_v3,confirm-c768-o128-k4,p99_itl_ms,ms,3,7.076666666666667,7.12,1.7093968263423476,0.04999999999999982,7.17,6.94,0.12096831541082681
scope_confirmation_v3,confirm-c768-o128-k4,p99_tpot_ms,ms,3,6.55,6.55,0.1526717557251876,0.009999999999999787,6.56,6.54,0.009999999999999787
scope_confirmation_v3,confirm-c768-o128-k4,p99_ttft_ms,ms,3,91.59666666666668,90.18,6.862576815080122,4.040000000000006,98.47,86.14,6.28589161005289
scope_confirmation_v3,confirm-c768-o128-k4,request_throughput_req_s,requests/s,3,4.583333333333333,4.57,0.701356418981309,0.010000000000000675,4.62,4.56,0.032145502536643326
scope_confirmation_v3,confirm-c768-o128-k4,successful_requests,,3,32.0,32.0,0.0,0.0,32.0,32.0,0.0
scope_confirmation_v3,confirm-c768-o128-k4,throughput_tok_s,tokens/s,3,586.34,584.35,0.7404736531856966,1.0,591.32,583.35,4.341693218089014
scope_confirmation_v3,confirm-c768-o128-k4,total_throughput_tok_s,tokens/s,3,4104.363333333334,4090.44,0.7406444845381505,7.019999999999982,4139.23,4083.42,30.39874065373952
scope_confirmation_v3,confirm-c768-o128-k4,tpot_ms,ms,3,6.536666666666666,6.55,0.35329950179885344,0.0,6.55,6.51,0.023094010767585053
scope_confirmation_v3,confirm-c768-o128-k4,trial_elapsed_ms,ms,3,19388.385628335527,19350.305968997418,0.555690397689631,45.44869498931803,19509.993642001064,19304.8572740081,107.73939720369697
scope_confirmation_v3,confirm-c768-o128-k4,ttft_ms,ms,3,90.91333333333334,89.34,6.7462761153852995,3.6200000000000045,97.68,85.72,6.133264492367289
winner_confirmation_v1,,avg_power_w,W,10,646.084810080747,646.9121638956489,1.0929505718584758,5.5126656291521385,654.1560738754739,634.673908828273,7.061387626468273
winner_confirmation_v1,,benchmark_duration_s,s,10,18.678,18.63,1.8566679524081569,0.28500000000000014,19.22,18.32,0.3467884401507956
winner_confirmation_v1,,energy_j,J,10,12113.5605,12111.122,0.7668156522803232,84.51050000000032,12232.313,11994.012,92.88867796244658
winner_confirmation_v1,,energy_j_per_1k_output_tokens,J/1k_tokens,10,369.67652893066406,369.60211181640625,0.7668156522803232,2.5790557861328125,373.3005676269531,366.0281982421875,2.8347374866469295
winner_confirmation_v1,,energy_j_per_1k_tokens,J/1k_tokens,10,369.67652893066406,369.60211181640625,0.7668156522803232,2.5790557861328125,373.3005676269531,366.0281982421875,2.8347374866469295
winner_confirmation_v1,,energy_j_per_1k_total_tokens,J/1k_tokens,10,21.745678172392005,21.74130069508272,0.7668156522803218,0.15170916389016398,21.958856919232538,21.531070484834558,0.16674926392040731
winner_confirmation_v1,,failed_requests,,10,0.0,0.0,,0.0,0.0,0.0,0.0
winner_confirmation_v1,,input_tokens,,10,524288.0,524288.0,0.0,0.0,524288.0,524288.0,0.0
winner_confirmation_v1,,j_per_output_token,J/token,10,0.36967652893066405,0.36960211181640623,0.7668156522803232,0.0025790557861328223,0.37330056762695313,0.3660281982421875,0.0028347374866469293
winner_confirmation_v1,,j_per_total_token,J/token,10,0.021745678172392,0.02174130069508272,0.7668156522803218,0.00015170916389016693,0.021958856919232536,0.02153107048483456,0.00016674926392040728
winner_confirmation_v1,,mean_e2el_ms,ms,10,2320.7380000000003,2317.915,1.8520446095677359,39.48000000000002,2367.14,2275.19,42.98110303119009
winner_confirmation_v1,,mean_itl_ms,ms,10,13.802000000000001,14.02,9.512022305421167,1.0899999999999999,15.11,12.34,1.3128493185942296
winner_confirmation_v1,,mean_tpot_ms,ms,10,13.802000000000001,14.02,9.512022305421167,1.0899999999999999,15.11,12.34,1.3128493185942296
winner_confirmation_v1,,mean_ttft_ms,ms,10,568.022,540.655,36.79552487956978,177.58999999999997,796.8,362.34,209.0066763314299
winner_confirmation_v1,,measurement_window_ms,ms,10,18752.534131600987,18735.326506997808,1.8363585738726633,285.48166749533266,19273.38248799788,18396.975096024107,344.36376834405235
winner_confirmation_v1,,output_throughput_tok_s,tokens/s,10,1754.9080000000001,1759.245,1.8462008137724295,26.730000000000018,1789.02,1705.04,32.39912577695747
winner_confirmation_v1,,output_tokens,,10,32768.0,32768.0,0.0,0.0,32768.0,32768.0,0.0
winner_confirmation_v1,,p50_e2el_ms,ms,10,2299.573,2291.895,1.9830823955357193,36.98000000000002,2354.99,2253.66,45.60242733549261
winner_confirmation_v1,,p50_itl_ms,ms,10,7.491,7.49,0.14691028362229186,0.009999999999999787,7.51,7.48,0.011005049346145884
winner_confirmation_v1,,p50_tpot_ms,ms,10,13.847,14.07,11.317505859545166,1.3599999999999994,15.49,12.09,1.567135036371219
winner_confirmation_v1,,p50_ttft_ms,ms,10,554.941,508.625,47.07613886485995,217.70499999999998,849.04,287.86,261.2447957780425
winner_confirmation_v1,,p95_e2el_ms,ms,10,2775.8759999999997,2717.6099999999997,7.697881843903806,152.05499999999984,3046.67,2564.24,213.6836546132832
winner_confirmation_v1,,p95_itl_ms,ms,10,30.113,31.145,63.2460922014377,17.12,48.28,10.28,19.045295744618933
winner_confirmation_v1,,p95_tpot_ms,ms,10,16.997,16.995,1.8567772965901113,0.25,17.35,16.47,0.3155964371014212
winner_confirmation_v1,,p95_ttft_ms,ms,10,1188.098,1200.395,13.570925495270275,141.9050000000001,1348.33,980.0,161.23589439079623
winner_confirmation_v1,,p99_e2el_ms,ms,10,3029.305,2975.48,15.146047933130353,396.29499999999985,3537.12,2577.82,458.8199873407144
winner_confirmation_v1,,p99_itl_ms,ms,10,115.73899999999999,115.025,57.96436001371592,63.230000000000004,181.16,51.72,67.08737063627467
winner_confirmation_v1,,p99_tpot_ms,ms,10,17.275,17.18,1.5581208490529412,0.15999999999999837,17.62,17.01,0.26916537667389556
winner_confirmation_v1,,p99_ttft_ms,ms,10,1529.424,1529.51,2.0102016417031203,20.379999999999995,1566.78,1472.86,30.74450635660153
winner_confirmation_v1,,request_throughput_req_s,requests/s,10,13.711000000000002,13.745000000000001,1.8494074520852846,0.20999999999999996,13.98,13.32,0.2535722557554134
winner_confirmation_v1,,successful_requests,,10,256.0,256.0,0.0,0.0,256.0,256.0,0.0
winner_confirmation_v1,,throughput_tok_s,tokens/s,10,1754.9080000000001,1759.245,1.8462008137724295,26.730000000000018,1789.02,1705.04,32.39912577695747
winner_confirmation_v1,,total_throughput_tok_s,tokens/s,10,29833.458000000002,29907.225,1.8462723482943657,454.4499999999989,30413.39,28985.74,550.8068855940134
winner_confirmation_v1,,tpot_ms,ms,10,16.997,16.995,1.8567772965901113,0.25,17.35,16.47,0.3155964371014212
winner_confirmation_v1,,trial_elapsed_ms,ms,10,34415.49612250528,34347.9768140096,0.8343138824000383,216.786018005223,34863.04906199803,34040.029914991464,287.1332618469085
winner_confirmation_v1,,ttft_ms,ms,10,1188.098,1200.395,13.570925495270275,141.9050000000001,1348.33,980.0,161.23589439079623
